z,n,positronEmission(keV)
1,0,-1804.3447999999999
3,0,12714.0022
2,1,-1040.58982
3,1,21876.2762
4,1,24438.0022
5,1,27923.0022
2,2,-23218.210900000002
3,2,-574.3449
4,2,3266.1556
5,2,10885.5573
6,2,11120.7024
2,3,-22683.210900000002
3,3,-4527.2125
4,3,-160.10479999999995
5,3,16957.8995
6,3,15472.487600000002
7,3,22079.3567
8,3,22351.2715
2,4,-25305.627200000003
3,4,-12188.0207
4,4,-17026.1307
5,4,46.03710000000012
6,4,2626.0645
7,4,12694.2491
8,4,13653.269
9,4,17893.0022
2,5,-24083.9978
3,5,-11685.876199999999
4,5,-14628.4519
5,5,-1578.8737
6,5,959.6911000000001
7,5,16316.070300000001
8,5,16747.9528
9,5,22934.6237
10,5,22626.6237
3,6,-17002.9191
4,6,-21467.1389
5,6,-12531.458499999999
6,6,-14391.3957
7,6,1198.4739999999997
8,6,4122.3665
9,6,12689.1322
10,6,12289.5954
11,6,17197.1299
3,7,-17166.5169
4,7,-21573.087600000003
5,7,-12730.3614
6,7,-14458.9365
7,7,-1178.4742999999999
8,7,1732.1862999999998
9,7,14390.1862
10,7,13526.752900000001
11,7,18698.3767
12,7,17887.0117
4,8,-24953.813000000002
5,8,-18119.1293
6,8,-21665.7904
7,8,-10793.704899999999
8,8,-11442.9072
9,8,1738.4676999999997
10,8,3422.5071
11,8,10155.333200000001
12,8,9605.207600000002
13,8,15164.0022
14,8,14417.0022
4,9,-24343.813000000002
5,9,-17312.8144
6,9,-20106.2321
7,9,-9032.2238
8,9,-9700.8408
9,9,633.9309999999999
10,9,2217.5008
11,9,12870.422900000001
12,9,12066.710200000001
13,9,17579.0022
14,9,16180.0022
15,9,22253.0022
5,10,-21890.4389
6,10,-24439.563400000003
7,10,-14183.798499999999
8,10,-14917.9816
9,10,-5842.3007
10,10,-8046.4667
11,10,2524.9211999999998
12,10,3759.4073
13,10,11199.7479
14,10,9772
15,10,15341.0022
16,10,15685.0022
5,11,-21357.437700000002
6,11,-23706.440000000002
7,11,-12828.096
8,11,-13545.394999999999
9,11,-4835.6327
10,11,-6706.169
11,11,1821.3265000000001
12,11,3034.1812
13,11,12862.7682
14,11,11721.2978
15,11,17092.0022
16,11,17128.0022
17,11,23175.0022
18,11,22925.0022
6,12,-27895.372
7,12,-17579.497300000003
8,12,-18992.3239
9,12,-9131.6368
10,12,-11840.089399999999
11,12,-5397.8063
12,12,-6537.6752
13,12,3254.8102
14,12,4047.1382999999996
15,12,10703.4752
16,12,10199.061500000002
17,12,16095.0022
18,12,16375.0022
19,12,21913.0022
6,13,-28378.4939
7,13,-16759.0667
8,13,-18191.8794
9,13,-7511.654
10,13,-9461.306199999999
11,13,-3488.2561
12,13,-4856.9662
13,13,2982.4064
14,13,3790.3605
15,13,13322.9429
16,13,12836.4279
17,13,17711.8042
18,13,17338.0022
19,13,23168.0022
20,13,22467.0022
6,14,-32919.9997
7,14,-21432.9978
8,14,-23503.7703
9,14,-12358.105
10,14,-14518.156099999998
11,14,-8344.3085
12,14,-10375.7609
13,14,-3632.2672000000002
14,14,-5664.0754
15,14,3920.2347
16,14,5119.6035999999995
17,14,10985.9812
18,14,10112.355800000001
19,14,15903.0022
20,14,15088.0022
21,14,20888.0022
6,15,-33761.9978
7,15,-22868.3961
8,15,-23121.056200000003
9,15,-11977.886299999998
10,15,-14391.667599999999
11,15,-8363.8918
12,15,-10090.8015
13,15,-2852.7718
14,15,-4709.317
15,15,3210.1086999999998
16,15,4376.0152
17,15,11658.8335
18,15,10597.047400000001
19,15,16136.0022
20,15,15341.0022
21,15,21579.0022
22,15,20368.0022
7,16,-28471.9978
8,16,-29459.9978
9,16,-17016.861100000002
10,16,-19215.5392
11,16,-13590.6983
12,16,-15053.6281
13,16,-8617.400099999999
14,16,-9590.8437
15,16,-2513.5049
16,16,-2732.6586
17,16,4560.5204
18,16,5039.7952
19,16,10852.397700000001
20,16,9944.0177
21,16,15894.0022
22,16,14597.0022
23,16,19048.0022
8,17,-29675.9978
9,17,-17008.3833
10,17,-19104.5658
11,17,-13310.0512
12,17,-14314.3516
13,17,-8004.7418
14,17,-9020.3264
15,17,-1249.185
16,17,-1270.5057
17,17,4469.6059
18,17,4944.2451
19,17,11792.3629
20,17,10642.133600000001
21,17,16787.0022
22,17,15651.0022
23,17,20441.0022
24,17,19078.0022
9,18,-20557.9978
10,18,-23126.0557
11,18,-16741.807
12,18,-18378.040100000002
13,18,-12850.554699999999
14,18,-14000.318599999999
15,18,-6845.0201
16,18,-6404.9857
17,18,-1189.3196
18,18,-1731.5321
19,18,5125.4797
20,18,5720.2585
21,18,12087.982600000001
22,18,10507.9161
23,18,14986.0022
24,18,13657.0022
25,18,18318.0022
9,19,-19697.9978
10,19,-22772.3851
11,19,-15827.4479
12,19,-16390.1811
13,19,-11292.465499999998
14,19,-13038.9438
15,19,-5579.0153
16,19,-5010.3984
17,19,120.13510000000008
18,19,-208.12490000000003
19,19,4892.0693
20,19,5502.491
21,19,13301.051500000001
22,19,11922.823600000002
23,19,16463.0022
24,19,14924.0022
25,19,19860.0022
26,19,18366.0022
10,20,-26701.9978
11,20,-19957.5603
12,20,-20491.0501
13,20,-14482.252799999998
14,20,-18016.0631
15,20,-11488.3269
16,20,-11435.094
17,20,-5887.1236
18,20,-5938.7087
19,20,-1586.9978
20,20,-2332.9029
21,20,5473.5504
22,20,5994.6518
23,20,10377.2355
24,20,9364.182700000001
25,20,13513.0022
26,20,12606.0022
27,20,16728.0022
28,20,15426.0022
10,21,-26682.9978
11,21,-19380.9978
12,21,-19839.237800000003
13,21,-12342.9406
14,21,-15189.7482
15,21,-8836.9172
16,21,-8922.4113
17,21,-3958.8978
18,21,-4463.9752
19,21,482.4053
20,21,-600.3571999999999
21,21,5404.2926
22,21,5850.5613
23,21,12718.509300000002
24,21,11349.6422
25,21,16031.8248
26,21,14415.0022
27,21,18716.0022
28,21,17287.0022
11,22,-23371.9978
12,22,-24378.7881
13,22,-16885.5134
14,22,-19408.507400000002
15,22,-13446.498099999999
16,22,-13261.649
17,22,-7659.5441
18,22,-8504.0794
19,22,-3514.0370000000003
20,22,-4547.2604
21,22,1198.7248999999997
22,22,-754.549
23,22,6101.8269
24,22,6582.3286
25,22,10974.718900000002
26,22,10266.0707
27,22,13949.0022
28,22,13108.0022
11,23,-22182.9978
12,23,-23213.9978
13,23,-15451.7729
14,23,-17403.0743
15,23,-11473.2634
16,23,-11410.033899999999
17,23,-5741.9665
18,23,-6782.3158
19,23,-1621.3505
20,23,-2855.4761
21,23,2630.697
22,23,1040.0573
23,23,6030.3745
24,23,6421.9791
25,23,12502.671400000001
26,23,11847.197900000001
27,23,15865.0588
28,23,14670.0022
29,23,19658.0022
12,24,-26544.9978
13,24,-19423.911
14,24,-21661.9978
15,24,-16116.9852
16,24,-15720.658099999999
17,24,-9320.6094
18,24,-10612.905999999999
19,24,-5587.5814
20,24,-6709.2297
21,24,-1282.0888
22,24,-3388.6238000000003
23,24,1908.5443999999998
24,24,634.6940000000001
25,24,6690.4286999999995
26,24,7128.4289
27,24,11825.0411
28,24,10762.1252
29,24,15469.0022
30,24,14516.0022
12,25,-25944.9978
13,25,-18625.9978
14,25,-20190.9978
15,25,-14828.0631
16,25,-15050.8103
17,25,-8216.0199
18,25,-8872.297999999999
19,25,-4130.2353
20,25,-5218.5846
21,25,355.9687
22,25,-1622.7672
23,25,2992.9489
24,25,1607.8069
25,25,6612.4798
26,25,7032.0422
27,25,12966.118900000001
28,25,12006.550700000002
29,25,17016.0022
30,25,16344.0022
31,25,20528.0022
12,26,-28852.9978
13,26,-22307.9978
14,26,-24175.9978
15,26,-19201.9978
16,26,-19751.5877
17,26,-12986.047799999998
18,26,-13216.284699999998
19,26,-7866.84
20,26,-8747.678
21,26,-3014.1748
22,26,-5010.8663
23,26,-420.1423
24,26,-2060.1218
25,26,2185.4915
26,26,1357.2934
27,26,7266.1095
28,26,7709.758000000001
29,26,12678.5607
30,26,12218.0022
31,26,16118.0022
32,26,14938.0022
12,27,-28222.9978
13,27,-21750.9978
14,27,-22411.9978
15,27,-16769.9978
16,27,-18257.9978
17,27,-12296.7351
18,27,-12530.254599999998
19,27,-6664.6724
20,27,-7654.6815
21,27,-1301.2133
22,27,-3023.563
23,27,1186.6295999999998
24,27,-269.60709999999995
25,27,3686.1236
26,27,2720.8686
27,27,7222.55
28,27,7672.0372
29,27,14255.918500000002
30,27,13737.0022
31,27,17737.0022
32,27,16368.0022
33,27,20868.0022
13,28,-24531.9978
14,28,-26171.9978
15,28,-20310.9978
16,28,-21335.9978
17,28,-15943.9978
18,28,-17058.304
19,28,-11366.7056
20,28,-12962.3835
21,28,-6284.4423
22,28,-7916.7448
23,28,-3492.138
24,28,-4998.474099999999
25,28,-424.72989999999993
26,28,-1718.3665999999998
27,28,2429.4276
28,28,1110.8710999999998
29,28,7752.948799999999
30,28,8346.981800000001
31,28,12434.0022
32,28,11038.0022
33,28,15568.0022
14,29,-24961.9978
15,29,-19221.9978
16,29,-20322.9978
17,29,-15396.9978
18,29,-16808.9978
19,29,-10951.5528
20,29,-12710.5047
21,29,-5969.8881
22,29,-7504.61
23,29,-2987.3318
24,29,-4457.9403999999995
25,29,355.13469999999995
26,29,-790.8774
27,29,3544.6476999999995
28,29,2239.6992
29,29,7539.022599999999
30,29,8120.7782
31,29,13562.0022
32,29,12323.0022
33,29,16698.0022
34,29,15628.0022
15,30,-22151.9978
16,30,-23221.9978
17,30,-17802.9978
18,30,-19096.9978
19,30,-13572.9978
20,30,-14883.375199999999
21,30,-7940.041
22,30,-9976.134999999998
23,30,-5992.2397
24,30,-8059.1096
25,30,-3624.2161
26,30,-4717.4951
27,30,-185.63890000000004
28,30,-1403.5767
29,30,3776.3808
30,30,3148.7943999999998
31,30,8192.246000000001
32,30,8825.0022
33,30,12399.0022
34,30,11651.0022
35,30,15507.0022
16,31,-22631.9978
17,31,-17691.9978
18,31,-18821.9978
19,31,-13519.9978
20,31,-14838.850699999999
21,31,-7279.2867
22,31,-9133.8763
23,31,-5176.4526000000005
24,31,-7007.1855000000005
25,31,-2648.5362
26,31,-3717.7353000000003
27,31,1285.9807
28,31,51.007200000000125
29,31,5105.9832
30,31,4613.1587
31,31,8159.0688
32,31,8603.8809
33,31,13761.0022
34,31,12895.0022
35,31,17069.0022
36,31,15956.0022
17,32,-20673.9978
18,32,-21951.9978
19,32,-17047.9978
20,32,-18150.640900000002
21,32,-10403.8449
22,32,-12327.876699999999
23,32,-8314.6651
24,32,-10123.7248
25,32,-5983.2924
26,32,-7349.7005
27,32,-2586.8782
28,32,-3844.8036
29,32,1215.9685
30,32,597.457
31,32,4644.3315999999995
32,32,3495.3259
33,32,8519.1692
34,32,9343.0022
35,32,13029.0022
36,32,12143.0022
18,33,-21801.9978
19,33,-16779.9978
20,33,-18113.9831
21,33,-10299.344099999998
22,33,-12012.3586
23,33,-7782.4029
24,33,-9111.9192
25,33,-4857.7585
26,33,-6161.6268
27,33,-1259.2611
28,33,-2345.8482
29,33,2936.8986999999997
30,33,2344.4413999999997
31,33,6149.1934
32,33,5157.2653
33,33,8559.959200000001
34,33,8984.9403
35,33,14376.0022
36,33,13097.0022
18,34,-24760.9978
19,34,-20107.9978
20,34,-21031.9978
21,34,-13213.7307
22,34,-14929.1448
23,34,-11055.212599999999
24,34,-12583.2218
25,34,-8431.3955
26,34,-9467.2261
27,34,-4999.6737
28,34,-6344.0382
29,34,-1088.9746
30,34,-1601.5974
31,34,2232.5402
32,34,1094.6900999999998
33,34,5064.488
34,34,3683.0807999999997
35,34,9153.2386
36,34,9303.0022
37,34,13015.0022
19,35,-18731.9978
20,35,-20142.9978
21,35,-13027.4558
22,35,-14044.1935
23,35,-10534.912999999999
24,35,-11527.3115
25,35,-7081.4435
26,35,-8200.370799999999
27,35,-3568.3405000000002
28,35,-4683.3363
29,35,652.6178000000001
30,35,329.6549000000001
31,35,4153.5022
32,35,3183.4402
33,35,7062.2737
34,35,5655.4694
35,35,9482.2749
36,35,9153.217700000001
37,35,14589.0022
38,35,13039.0022
20,36,-22512.9978
21,36,-15841.9978
22,36,-16460.0973
23,36,-12752.9978
24,36,-14843.096399999999
25,36,-10267.625499999998
26,36,-11376.0898
27,36,-7237.9216
28,36,-8328.589899999999
29,36,-3159.8786
30,36,-3662.9374000000003
31,36,-20.77769999999998
32,36,-914.7423
33,36,2966.4948999999997
34,36,1382.0758999999998
35,36,5622.0905
36,36,4099.1705
37,36,9518.149000000001
38,36,10067.0022
39,36,13777.0022
20,37,-21710.9978
21,37,-14970.9978
22,37,-16071.9978
23,37,-12009.701799999999
24,37,-13341.378499999999
25,37,-8693.350999999999
26,37,-9770.566299999999
27,37,-5844.8876
28,37,-6962.5889
29,37,-1273.9936
30,37,-1582.8204
31,37,1899.1021999999998
32,37,1205.1477
33,37,5206.0652
34,37,3724.7442
35,37,7784.440599999999
36,37,6072.0309
37,37,9393.8302
38,37,9578.0022
39,37,14976.0022
40,37,13817.0022
20,38,-24482.9978
21,38,-17660.9978
22,38,-18570.9978
23,38,-14828.9978
24,38,-16661.4456
25,38,-11730.758899999999
26,38,-13002.509499999998
27,38,-8989.3014
28,38,-10619.75
29,38,-4598.8632
30,38,-5462.1093
31,38,-1931.9112
32,38,-2673.8839
33,38,991.4022000000001
34,38,-660.3784
35,38,3559.6116999999995
36,38,1934.3195
37,38,6082.9321
38,38,5209.4454
39,38,10343.0022
40,38,10301.0022
41,38,14098.0022
20,39,-23961.9978
21,39,-16571.9978
22,39,-17891.9978
23,39,-14034.9978
24,39,-15460.1564
25,39,-10371.06
26,39,-11272.5554
27,39,-7362.6922
28,39,-9442.902499999998
29,39,-3125.2183
30,39,-3703.6832
31,39,-367.3999
32,39,-789.528
33,39,3334.1040999999996
34,39,1703.3626
35,39,5903.0514
36,39,3761.3902
37,39,7512.6194000000005
38,39,6005.0588
39,39,9979.0022
40,39,10011.0022
41,39,15317.0022
42,39,13878.0022
21,40,-19531.9978
22,40,-20531.9978
23,40,-16901.9978
24,40,-18341.9978
25,40,-13678.9978
26,40,-14339.452099999999
27,40,-10635.3656
28,40,-12843.229599999999
29,40,-6779.5628
30,40,-7610.3653
31,40,-3832.3383
32,40,-5019.6241
33,40,-677.2219
34,40,-2375.1445
35,40,2040.4715999999999
36,40,253.3746
37,40,4316.9538
38,40,2739.4800999999998
39,40,6654.7312999999995
40,40,5366.0022
41,40,10142.0022
42,40,10418.0022
43,40,13998.0022
22,41,-19951.9978
23,41,-15861.9978
24,41,-17221.9978
25,41,-12631.9978
26,41,-13149.9978
27,41,-8767.9978
28,41,-10615.206199999999
29,41,-4784.5100999999995
30,41,-5639.6495
31,41,-1464.787
32,41,-2620.1867
33,41,1540.3892999999998
34,41,-157.28390000000002
35,41,3940.8832
36,41,2043.3685
37,41,6220.8582
38,41,4301.1161999999995
39,41,8141.3072
40,41,7166.5025
41,41,10782.0022
42,41,10251.0022
43,41,15448.0022
44,41,14198.0022
23,42,-18341.9978
24,42,-19861.9978
25,42,-15332.9978
26,42,-15998.9978
27,42,-12207.9978
28,42,-13710.902699999999
29,42,-8326.8967
30,42,-9384.4861
31,42,-5127.9307
32,42,-6394.8227
33,42,-2199.2279
34,42,-3982.5734
35,42,342.68140000000005
36,42,-1748.1131
37,42,2617.5135999999998
38,42,842.0112
39,42,4793.2178
40,42,3428.0362999999998
41,42,7276.751499999999
42,42,6002.0022
43,42,10638.0022
44,42,10778.0022
24,43,-18547.9978
25,43,-14251.9978
26,43,-14860.9978
27,43,-10656.9978
28,43,-12058.3031
29,43,-6578.9359
30,43,-7627.9637
31,43,-3314.9035
32,43,-4418.3315
33,43,-100.48329999999999
34,43,-1705.1605
35,43,2551.7858
36,43,603.7800000000001
37,43,4695.9807
38,43,2906.5717
39,43,6923.9672
40,43,5272.0147
41,43,9205.851900000001
42,43,7747.926
43,43,11519.0022
44,43,10938.0022
45,43,16457.0022
25,44,-16751.9978
26,44,-17461.9978
27,44,-13461.9978
28,44,-14947.9978
29,44,-9901.283399999998
30,44,-10772.5055
31,44,-6923.7209
32,44,-7938.2479
33,44,-3725.462
34,44,-5230.9797
35,44,-1172.5994
36,44,-3026.4277
37,44,1217.4975999999997
38,44,-844.2475
39,44,3569.9457
40,44,1450.7493
41,44,5873.5142
42,44,4001.1359
43,44,8172.7678000000005
44,44,6309.0022
45,44,11697.0022
46,44,10902.0022
25,45,-15831.9978
26,45,-16331.9978
27,45,-12071.9978
28,45,-13160.9978
29,45,-8327.9978
30,45,-9110.6945
31,45,-5015.6219
32,45,-6242.5154
33,45,-1976.9092
34,45,-3303.3827
35,45,848.4644999999999
36,45,-741.1460999999999
37,45,3381.9846
38,45,1251.0261
39,45,5733.1433
40,45,3644.9374
41,45,7812.9649
42,45,5967.6779
43,45,9994.253700000001
44,45,8003.434899999999
45,45,12228.0022
46,45,11378.0022
47,45,16227.0022
26,46,-19101.9978
27,46,-15001.9978
28,46,-16181.9978
29,46,-11251.9978
30,46,-12343.394199999999
31,46,-8225.1473
32,46,-9179.9707
33,46,-5130.8992
34,46,-6566.8839
35,46,-2610.0295
36,46,-4115.1163
37,46,-101.99389999999994
38,46,-1912.6036
39,46,2239.1605999999997
40,46,292.07849999999996
41,46,4450.6557999999995
42,46,2463.0043
43,46,6598.0896999999995
44,46,4818.8973
45,46,8648.0022
46,46,7198.0022
47,46,11560.0022
48,46,10940.0022
26,47,-18310.9978
27,47,-13902.9978
28,47,-14701.9978
29,47,-9812.9978
30,47,-10948.3728
31,47,-7242.841100000001
32,47,-8000.822
33,47,-3701.2847
34,47,-4877.7028
35,47,-926.7794
36,47,-1998.92
37,47,1658.373
38,47,42.05319999999995
39,47,4218.0022
40,47,2649.2427
41,47,6435.3209
42,47,4588.8126999999995
43,47,8425.820300000001
44,47,6724.8268
45,47,10280.1177
46,47,9008.0022
47,47,12678.0022
48,47,11828.0022
49,47,16460.0022
27,48,-16882.9978
28,48,-17551.9978
29,48,-12534.9978
30,48,-13715.7658
31,48,-10138.051399999998
32,48,-11333.637499999999
33,48,-7263.6167000000005
34,48,-8510.4655
35,48,-4695.1758
36,48,-5678.2488
37,48,-1708.9978
38,48,-2798.095
39,48,839.6916
40,48,-351.8429
41,48,3230.2213
42,48,1467.0187
43,48,5200.179
44,48,3602.4943999999996
45,48,7182.9158
46,48,5783.345
47,48,9038.0022
48,48,7918.0022
49,48,12322.0022
27,49,-16091.9978
28,49,-16461.9978
29,49,-10931.9978
30,49,-12046.260699999999
31,49,-8597.0531
32,49,-9685.7313
33,49,-5712.3501
34,49,-6693.2095
35,49,-2857.3616
36,49,-3926.86
37,49,-503.32439999999997
38,49,-1304.2727
39,49,2600.6022
40,49,1811.2307
41,49,5089.0187
42,49,3407.1956
43,49,6860.8863
44,49,5367.3951
45,49,8653.9811
46,49,7352.7056999999995
47,49,10649.776300000001
48,49,9148.0022
49,49,12708.0022
50,49,12378.0022
28,50,-20581.9978
29,50,-15269.9978
30,50,-15990.9978
31,50,-12450.2902
32,50,-13506.3475
33,50,-9714.8871
34,50,-11116.160199999998
35,50,-7183.8313
36,50,-8655.4125
37,50,-4910.2684
38,50,-6334.6221000000005
39,50,-2524.1735
40,50,-3297.6328000000003
41,50,235.5666
42,50,-1377.2946
43,50,2178.9651
44,50,552.7317999999999
45,50,4095.1445000000003
46,50,2482.3149
47,50,5879.8277
48,50,4408.0022
49,50,7533.0022
50,50,6008.0022
29,51,-14461.9978
30,51,-15310.9978
31,51,-11638.762999999999
32,51,-12741.311399999999
33,51,-8727.1307
34,51,-10246.490699999998
35,51,-6151.0838
36,51,-7839.8433
37,51,-3939.7068
38,51,-5518.6256
39,51,-1567.9652
40,51,-2566.2688
41,51,983.7357000000001
42,51,-616.2369
43,51,3233.7497999999996
44,51,1541.5983
45,51,5370.6551
46,51,3769.714
47,51,7232.5629
48,51,5759.3533
49,51,8994.4514
50,51,7217.2792
51,51,12813.0022
29,52,-16841.9978
30,52,-17605.9978
31,52,-13988.9978
32,52,-15076.296699999999
33,52,-11087.7231
34,52,-12563.0234
35,52,-8487.5504
36,52,-9997.326
37,52,-6198.602
38,52,-7607.3699
39,52,-3721.3692
40,52,-4664.5271999999995
41,52,-1112.8101
42,52,-3067.0141
43,52,668.5197
44,52,-1280.7347
45,52,2501.0022
46,52,832.2352999999999
47,52,4448.3807
48,52,2921.3761999999997
49,52,6269.5664
50,52,4738.0022
51,52,9400.0022
52,52,8646.0022
29,53,-16031.9978
30,53,-16921.9978
31,53,-13285.9978
32,53,-14401.365699999998
33,53,-10584.2207
34,53,-11830.216999999999
35,53,-7853.7618
36,53,-9283.5209
37,53,-5428.3111
38,53,-6928.8988
39,53,-2971.1215
40,53,-3916.8701
41,53,-121.72939999999994
42,53,-1947.5987
43,53,1951.2433
44,53,81.87440000000004
45,53,4027.6551
46,53,2379.6625
47,53,6052.7052
48,53,4475.9208
49,53,7942.808099999999
50,53,6518.0022
51,53,11310.0022
52,53,10181.9847
53,53,13898.0022
30,54,-19131.9978
31,54,-15665.9978
32,54,-16661.9978
33,54,-13049.9978
34,54,-14455.9978
35,54,-10303.870799999999
36,54,-11980.951099999998
37,54,-7793.0726
38,54,-9116.919
39,54,-5163.3096000000005
40,54,-5939.8567
41,54,-2148.329
42,54,-4214.0568
43,54,-701.7338
44,54,-2814.6553
45,54,1018.8654
46,54,-643.5400999999999
47,54,3075.7627999999995
48,54,1565.0022
49,54,4997.2315
50,54,3533.6196
51,54,8300.5125
52,54,7231.544499999999
53,54,10205.0022
54,54,9117.0022
31,55,-14720.9978
32,55,-15741.9978
33,55,-11951.9978
34,55,-13483.9978
35,55,-9222.081199999999
36,55,-10888.670199999999
37,55,-7025.1188
38,55,-8487.9412
39,55,-4527.7495
40,55,-5474.0009
41,55,-1185.9682
42,55,-2963.9016
43,55,661.7686
44,55,-1319.5134
45,55,2614.2634
46,55,958.2855000000001
47,55,4634.2636999999995
48,55,3129.0783
49,55,6763.7188
50,55,5280.5829
51,55,9858.3986
52,55,8974.0022
53,55,11989.0022
54,55,10480.9611
32,56,-18150.9978
33,56,-14511.9978
34,56,-15831.9978
35,56,-11549.169399999999
36,56,-13558.5139
37,56,-9505.895499999999
38,56,-11304.9275
39,56,-7112.6506
40,56,-8130.8719
41,56,-3688.1016
42,56,-5613.3659
43,56,-2379.7608999999998
44,56,-4228.4379
45,56,-476.31319999999994
46,56,-2141.6448
47,56,1632.2799999999997
48,56,126.08090000000004
49,56,3671.2695000000003
50,56,2232.4543
51,56,6836.9925
52,56,5641.6668
53,56,9020.8963
54,56,7523.2097
55,56,10598.0022
33,57,-13541.9978
34,57,-15101.9978
35,57,-10530.9978
36,57,-12267.765099999999
37,57,-8237.0092
38,57,-10248.974999999999
39,57,-6433.7358
40,57,-7843.236
41,57,-3264.8525
42,57,-4656.7600999999995
43,57,-849.9202
44,57,-2635.5178
45,57,1301.1209
46,57,-447.2726
47,57,3256.6551
48,57,1715.0011
49,57,5502.0053
50,57,4032.4303
51,57,8602.610100000002
52,57,7513.589300000001
53,57,10739.9788
54,57,9412.0022
55,57,12590.0022
56,57,11033.0022
34,58,-17365.9978
35,58,-13051.9978
36,58,-14719.9978
37,58,-10753.3846
38,58,-12585.8948
39,58,-8556.7785
40,58,-10015.007599999999
41,58,-5740.6714
42,58,-7423.7807
43,58,-3846.6389
44,58,-5555.5112
45,58,-1786.5356
46,58,-3457.7767
47,58,325.05859999999996
48,58,-1211.7512
49,58,2401.6608
50,58,1027.8815999999997
51,58,5357.1962
52,58,4197.9262
53,58,7611.694399999999
54,58,6014.9932
55,58,9417.089800000002
56,58,7758.4937
35,59,-11867.9978
36,59,-13330.9978
37,59,-9294.667099999999
38,59,-11083.5273
39,59,-6888.3569
40,59,-7994.9376
41,59,-4440.5076
42,59,-5650.4615
43,59,-2034.0535
44,59,-3685.2452000000003
45,59,114.42169999999999
46,59,-1588.6325
47,59,1943.1455999999998
48,59,394.3763
49,59,4110.5966
50,59,2837.3475
51,59,7370.2501999999995
52,59,6227.2618999999995
53,59,9482.181700000001
54,59,7893.8924
55,59,11377.972800000001
56,59,9757.0022
57,59,13308.0022
35,60,-14411.9978
36,60,-15893.9978
37,60,-12117.6438
38,60,-13075.2339
39,60,-9147.2015
40,60,-10073.492699999999
41,60,-6752.4989000000005
42,60,-8284.5986
43,60,-4671.5867
44,60,-6618.7923
45,60,-2938.7249
46,60,-4566.8843
47,60,-1056.0436
48,60,-2667.6289
49,60,992.8068999999999
50,60,-394.0209
51,60,4079.8361999999997
52,60,3009.4572
53,60,6205.5232
54,60,4531.0382
55,60,7935.0022
56,60,6641.0022
57,60,10165.0022
36,61,-14444.9978
37,61,-11270.9978
38,61,-12419.3745
39,61,-8525.7343
40,61,-9128.1981
41,61,-5738.8358
42,61,-6947.6617
43,61,-3177.219
44,61,-4670.2374
45,61,-1061.4016
46,61,-2530.9405
47,61,895.426
48,61,-806.8976
49,61,2856.0022
50,61,1431.4714
51,61,6034.0782
52,61,5047.9303
53,61,8228.743900000001
54,61,6659.0497
55,61,9982.0022
56,61,8013.196499999999
57,61,11558.0022
58,61,10177.0022
36,62,-17091.9978
37,62,-13742.9978
38,62,-14573.618199999999
39,62,-10751.8699
40,62,-11430.783399999998
41,62,-8241.6718
42,62,-9554.749
43,62,-5977.5135
44,62,-7568.9978
45,62,-4023.1435
46,62,-5515.0574
47,62,-2134.9447
48,62,-3912.6611000000003
49,62,-161.80060000000003
50,62,-1686.9202
51,62,2889.1659
52,62,1584.942
53,62,4702.965
54,62,3351.7785999999996
55,62,6670.2483999999995
56,62,5188.0022
57,62,8548.0022
58,62,6818.0022
59,62,10117.0022
37,63,-12817.9978
38,63,-13779.4947
39,63,-10035.327899999998
40,63,-10373.957799999998
41,63,-7115.3345
42,63,-8437.2389
43,63,-4670.2472
44,63,-6134.5963
45,63,-2391.7495
46,63,-3629.2305
47,63,-148.39959999999996
48,63,-2058.7978
49,63,1562.7327999999998
50,63,16.996299999999906
51,63,5041.1211
52,63,3918.6468999999997
53,63,6821.141
54,63,5231.2235
55,63,8647.692700000001
56,63,6692.9673
57,63,10297.0022
58,63,8478.0022
59,63,12072.0022
37,64,-15008.9978
38,64,-15928.9969
39,64,-12198.9978
40,64,-12659.9978
41,64,-9479.2706
42,64,-10947.322699999999
43,64,-7226.9899000000005
44,64,-8760.571399999999
45,64,-5282.7936
46,64,-6524.2094
47,64,-3251.5585
48,64,-5013.1260999999995
49,64,-1345.8348
50,64,-3011.9259
51,64,2008.4357999999997
52,64,536.2294
53,64,3634.9343
54,64,1869.9915
55,64,5467.4291
56,64,3978.0022
57,64,7533.0022
58,64,5647.0022
59,64,9034.0022
60,64,7299.0022
38,65,-15141.9978
39,65,-11341.9978
40,65,-11909.9978
41,65,-8474.9978
42,65,-9843.168099999999
43,65,-6195.5308
44,65,-7477.6245
45,65,-3778.0616
46,65,-4704.0131
47,65,-1284.6875
48,65,-3038.4593
49,65,423.129
50,65,-1519.487
51,65,3681.9613
52,65,2522.0656
53,65,5697.7037
54,65,3961.2455
55,65,7261.7879
56,65,5335.497
57,65,9044.0022
58,65,7343.0022
59,65,10743.0022
60,65,8979.0022
61,65,12609.0022
38,66,-17331.9978
39,66,-13401.9978
40,66,-13980.9978
41,66,-10725.9978
42,66,-12226.0976
43,66,-8645.5416
44,66,-10060.063199999999
45,66,-6540.5434000000005
46,66,-7611.9852
47,66,-4458.323
48,66,-6106.1211
49,66,-2473.8746
50,66,-4298.2182
51,66,736.1809999999999
52,66,-716.5518999999999
53,66,2382.8102
54,66,552.7282000000001
55,66,4356.6571
56,66,2513.8192
57,66,5982.0022
58,66,4321.0022
59,66,7565.0022
60,66,5921.0022
61,66,9578.0022
62,66,8048.0022
39,67,-12511.9978
40,67,-13071.9978
41,67,-9616.9978
42,67,-10991.482899999999
43,67,-7520.7469
44,67,-8782.647799999999
45,67,-5122.1768
46,67,-5845.5537
47,67,-2462.462
48,67,-4123.8908
49,67,-559.2673
50,67,-2476.7051
51,67,2634.6414999999997
52,67,1271.0022
53,67,4593.0022
54,67,2742.6547
55,67,6188.2217
56,67,4366.6956
57,67,7809.1707
58,67,6080.0022
59,67,9475.0022
60,67,7611.0022
61,67,11289.0022
62,67,9828.0022
63,67,13165.0022
39,68,-14741.9978
40,68,-15191.9978
41,68,-11981.9978
42,68,-13247.898
43,68,-10106.859799999998
44,68,-11393.938699999999
45,68,-7921.1254
46,68,-8802.069
47,68,-5578.7625
48,68,-7191.8226
49,68,-3546.6359
50,68,-5446.6642
51,68,-432.5526
52,68,-1967.0249
53,68,1275.4636999999998
54,68,-297.70410000000004
55,68,3182.6034
56,68,1629.277
57,68,4887.4857999999995
58,68,3130.9128
59,68,6414.0022
60,68,4778.0022
61,68,8173.0022
62,68,6748.0022
63,68,9794.0022
40,69,-14271.9978
41,69,-11111.9978
42,69,-12001.9978
43,69,-8800.9978
44,69,-10078.2652
45,69,-6511.06
46,69,-7218.5916
47,69,-3733.6356
48,69,-5258.4768
49,69,-1548.5255
50,69,-3388.3241000000003
51,69,1658.6097999999997
52,69,34.048400000000015
53,69,3212.0022
54,69,1672.3323999999998
55,69,4904.3467
56,69,3398.7685
57,69,6674.4398
58,69,4894.7749
59,69,8181.1639000000005
60,69,6377.0022
61,69,10105.0022
62,69,8468.0022
63,69,11917.0022
64,69,10154.0022
41,70,-13501.9978
42,70,-14431.9978
43,70,-11183.9978
44,70,-12642.916799999999
45,70,-9145.9305
46,70,-10117.2817
47,70,-6780.0262
48,70,-8169.8447
49,70,-4743.7175
50,70,-6391.9978
51,70,-1424.5284
52,70,-3001.075
53,70,206.39199999999994
54,70,-1324.8479
55,70,2087.6205999999997
56,70,658.7719000000001
57,70,3899.8408
58,70,2069.5158
59,70,5491.9405
60,70,3557.2272000000003
61,70,6976.0022
62,70,5466.0022
63,70,8973.0022
64,70,7249.0022
65,70,10175.0022
41,71,-12671.9978
42,71,-13461.9978
43,71,-9941.9978
44,71,-11330.9978
45,71,-7688.823
46,71,-8549.1291
47,71,-5187.4422
48,71,-6353.1777
49,71,-2792.3732
50,71,-4384.0309
51,71,583.7505
52,71,-970.085
53,71,2137.5892
54,71,614.6654
55,71,3773.7061000000003
56,71,2400.0741
57,71,5721.7189
58,71,4014.0392
59,71,7225.451
60,71,5510.6257
61,71,8776.0022
62,71,7155.0022
63,71,10554.0022
64,71,8876.0022
65,71,12168.0022
41,72,-14891.9978
42,72,-15741.9978
43,72,-12268.9978
44,72,-13876.9978
45,72,-10428.8853
46,72,-11523.516
47,72,-8260.4794
48,72,-9327.851299999998
49,72,-5782.7542
50,72,-7390.5899
51,72,-2430.2057
52,72,-3927.0708
53,72,-836.2278
54,72,-2257.8882
55,72,1058.8584
56,72,-459.38069999999993
57,72,2715.3269
58,72,1182.4633
59,72,4385.7864
60,72,2779.6509
61,72,5902.7294
62,72,4366.0022
63,72,7687.0022
64,72,6132.0022
65,72,9224.0022
66,72,7647.0022
42,73,-14691.9978
43,73,-11024.9978
44,73,-12371.9978
45,73,-8908.9978
46,73,-9606.472899999999
47,73,-6393.9054
48,73,-7693.0035
49,73,-3980.9743000000003
50,73,-5407.6467
51,73,-409.5911
52,73,-1788.6978
53,73,1131.6734000000001
54,73,-359.66419999999994
55,73,2906.7639
56,73,1416.1864999999998
57,73,4607.4043
58,73,3038.8188999999998
59,73,6219.2262
60,73,4583.2134
61,73,7860.536499999999
62,73,6183.1091
63,73,9545.0022
64,73,7910.0022
65,73,11037.0022
66,73,9408.0022
67,73,12491.0022
42,74,-17001.9978
43,74,-13471.9978
44,74,-14731.9978
45,74,-11764.9978
46,74,-12681.9978
47,74,-9242.491199999999
48,74,-10528.264
49,74,-7036.8481
50,74,-8385.6948
51,74,-3383.4344
52,74,-4693.0298999999995
53,74,-1724.7177000000001
54,74,-3144.5019
55,74,175.02190000000007
56,74,-1379.0197
57,74,1887.6958
58,74,232.89199999999994
59,74,3458.6341
60,74,1859.5591
61,74,5129.2928999999995
62,74,3337.0258999999996
63,74,6823.754
64,74,5068.0022
65,74,8479.0022
66,74,6630.0022
67,74,9996.0022
68,74,8299.0022
43,75,-11941.9978
44,75,-12931.9978
45,75,-9920.9978
46,75,-10954.200799999999
47,75,-7511.947
48,75,-8867.6004
49,75,-5190.3398
50,75,-6503.3473
51,75,-1399.9978
52,75,-2604.2008
53,75,233.76560000000006
54,75,-1210.8914
55,75,1958.7221
56,75,354.61800000000005
57,75,3689.3278
58,75,2054.1707
59,75,5282.9009
60,75,3700.2544
61,75,7007.3769
62,75,5059.2051
63,75,8726.099
64,75,6745.0022
65,75,10278.0022
66,75,8136.0022
67,75,11847.0022
68,75,9865.0022
69,75,13426.0022
43,76,-14611.9978
44,76,-15741.9978
45,76,-12651.9978
46,76,-13758.9978
47,76,-10160.8301
48,76,-11491.4836
49,76,-8086.2155
50,76,-9227.7563
51,76,-4250.7137999999995
52,76,-5385.9397
53,76,-2524.2897
54,76,-3966.2842
55,76,-663.9969
56,76,-2304.2077
57,76,1037.1225
58,76,-636.2373
59,76,2658.4379
60,76,1119.1255999999998
61,76,4489.113
62,76,2394.5998
63,76,5960.1799
64,76,4181.6696999999995
65,76,7661.390200000001
66,76,5418.0022
67,76,9099.0022
68,76,6980.0022
69,76,10635.0022
44,77,-14101.9978
45,77,-11120.9978
46,77,-12260.9978
47,77,-8851.9978
48,77,-9850.148899999998
49,77,-6575.6478
50,77,-7611.6788
51,77,-2290.4197
52,77,-3397.4978
53,77,-605.2262000000001
54,77,-1992.8455
55,77,1104.2835
56,77,-504.56679999999994
57,77,2709.3456
58,77,1005.1520999999999
59,77,4146.1312
60,77,2595.8469
61,77,6080.8141
62,77,4098.8015
63,77,7448.0022
64,77,5679.4183
65,77,9378.0022
66,77,7228.2455
67,77,10938.5728
68,77,8858.0022
69,77,12245.0022
44,78,-16496.9978
45,78,-13661.9978
46,78,-14711.9978
47,78,-11581.9978
48,78,-12556.9978
49,78,-9160.6956
50,78,-10193.310899999999
51,78,-5060.7852
52,78,-6089.2706
53,78,-3253.7035
54,78,-4597.4707
55,78,-1449.3578
56,78,-3080.8346
57,78,185.19950000000006
58,78,-1493.0599
59,78,1694.9537
60,78,89.68690000000004
61,78,3493.9035999999996
62,78,1734.1032
63,78,4986.3149
64,78,3327.4096
65,78,6790.1206999999995
66,78,4776.0987
67,78,8100.4965
68,78,5894.2096
69,78,9611.409300000001
70,78,7513.0022
45,79,-12141.9978
46,79,-13151.9978
47,79,-9951.9978
48,79,-11113.9978
49,79,-7973.8694000000005
50,79,-8777.705899999999
51,79,-3175.4680000000003
52,79,-4251.6077
53,79,-1537.3024
54,79,-2808.279
55,79,212.6713000000001
56,79,-1290.6961000000001
57,79,1827.5937
58,79,200.10219999999993
59,79,3415.0022
60,79,1789.7248
61,79,5023.2022
62,79,3566.9745999999996
63,79,6651.0022
64,79,4988.0022
65,79,8369.325700000001
66,79,7135.0875
67,79,10294.7029
68,79,8127.289099999999
69,79,11691.9652
70,79,9589.0022
71,79,13037.0022
45,80,-14481.9978
46,80,-15611.9978
47,80,-12450.9978
48,80,-13549.9978
49,80,-10734.7449
50,80,-11247.684799999999
51,80,-5738.8306
52,80,-6574.9133
53,80,-3942.1668
54,80,-5104.3924
55,80,-2190.5895
56,80,-3570.2219
57,80,-441.46219999999994
58,80,-2074.4563
59,80,1107.0911999999998
60,80,-593.0172
61,80,2646.5901
62,80,1137.6084
63,80,4253.8261999999995
64,80,2837.6655
65,80,5504.9351
66,80,4186.7187
67,80,7416.9482
68,80,5490.1716
69,80,8779.0022
70,80,6639.0022
71,80,10220.0022
46,81,-14511.9978
47,81,-11341.9978
48,81,-12273.9978
49,81,-9810.929999999998
50,81,-10262.2073
51,81,-4110.7258
52,81,-5035.6176
53,81,-2531.6853
54,81,-3656.1829000000002
55,81,-931.6827
56,81,-2197.6263
57,81,726.3999
58,81,-757.3582
59,81,2366.0022
60,81,801.0159
61,81,3786.5217999999995
62,81,2421.5313
63,81,5324.4537
64,81,4042.9006
65,81,7300.181299999999
66,81,5524.6287999999995
67,81,8846.232600000001
68,81,6882.235
69,81,10318.0022
70,81,8207.263700000001
71,81,11826.0022
72,81,10053.0022
46,82,-18071.9978
47,82,-15011.9978
48,82,-16241.9978
49,82,-13834.606699999998
50,82,-15156.9978
51,82,-9071.6206
52,82,-9536.746099999998
53,82,-7072.3872
54,82,-7905.9433
55,82,-5184.356
56,82,-6396.7754
57,82,-3330.4610000000002
58,82,-4784.1654
59,82,-1605.4736
60,82,-3185.6863000000003
61,82,19.648500000000126
62,82,-1571.5074
63,82,1637.8854000000001
64,82,9.782000000000039
65,82,3592.2564999999995
66,82,1655.5522999999998
67,82,5026.1388
68,82,3092.5711
69,82,6472.679
70,82,4427.8945
71,82,7762.0022
72,82,5915.0022
73,82,9300.0022
47,83,-14189.9978
48,83,-15483.9978
49,83,-12968.122099999999
50,83,-14205.9978
51,83,-8607.2431
52,83,-9060.455899999999
53,83,-6141.9433
54,83,-7049.1433
55,83,-3936.7817
56,83,-5234.8271
57,83,-2066.152
58,83,-3523.2119000000002
59,83,-275.46899999999994
60,83,-1956.1084999999998
61,83,1309.9139
62,83,-405.89879999999994
63,83,2856.7595
64,83,1165.6855
65,83,4710.4745
66,83,2772.6515
67,83,6341.7285999999995
68,83,4334.458
69,83,7757.941900000001
70,83,5791.0022
71,83,9243.0022
72,83,7213.0022
73,83,10797.0022
74,83,8884.0022
47,84,-16031.9978
48,84,-17086.9978
49,84,-14571.9978
50,84,-15485.9978
51,84,-10080.0778
52,84,-10940.387499999999
53,84,-8074.5041
54,84,-9014.3324
55,84,-6078.5001
56,84,-7240.1647
57,84,-4219.3493
58,84,-5530.9433
59,84,-2483.8192
60,84,-4019.4378
61,84,-857.4996
62,84,-2563.9978
63,84,699.4389
64,84,-993.9348
65,84,2616.5358
66,84,774.1728999999999
67,84,4107.6443
68,84,2082.4195999999997
69,84,5472.0745
70,84,3473.0517
71,84,6935.5599999999995
72,84,4858.0374
73,84,8237.0022
74,84,6404.0022
75,84,9607.0022
48,85,-16080.9978
49,85,-13531.9978
50,85,-14543.9978
51,85,-9358.9978
52,85,-10265.3676
53,85,-7305.9127
54,85,-8195.6202
55,85,-5085.2746
56,85,-6277.1388
57,85,-3203.6910000000003
58,85,-4456.9086
59,85,-1340.644
60,85,-2828.0117999999998
61,85,449.55820000000006
62,85,-1246.0616
63,85,2016.5866
64,85,292.1459000000001
65,85,3636.2643
66,85,1849.1547
67,85,5491.3297
68,85,3523.3940000000002
69,85,7155.8338
70,85,5101.3094
71,85,8543.9902
72,85,6563.0022
73,85,9962.0022
74,85,7983.0022
75,85,11429.0022
76,85,9625.0022
49,86,-15311.9978
50,86,-16221.9978
51,86,-10932.9978
52,86,-12067.9978
53,86,-9287.8813
54,86,-10402.236599999998
55,86,-7302.0401
56,86,-8349.6985
57,86,-5256.2601
58,86,-6604.2801
59,86,-3580.9296
60,86,-5274.4278
61,86,-1917.1874
62,86,-3492.1876
63,86,-327.4166
64,86,-1993.6793
65,86,1543.3818
66,86,-422.65729999999996
67,86,3109.1251
68,86,1012.4067000000001
69,86,4561.2531
70,86,2546.8815999999997
71,86,5958.096399999999
72,86,4087.8032000000003
73,86,7391.451399999999
74,86,5472.6289
75,86,8642.0022
76,86,6931.0022
77,86,10004.0022
50,87,-15341.9978
51,87,-10161.9978
52,87,-11176.9978
53,87,-8260.7712
54,87,-9292.6408
55,87,-6306.9056
56,87,-7283.6843
57,87,-4104.5278
58,87,-5253.7309000000005
59,87,-2069.6156
60,87,-3724.6991000000003
61,87,-479.80869999999993
62,87,-2093.4914
63,87,1236.9683999999997
64,87,-557.8199
65,87,2968.0022
66,87,1148.4155999999998
67,87,4732.6385
68,87,2808.629
69,87,6355.2679
70,87,4267.3688999999995
71,87,7775.422299999999
72,87,5834.0052
73,87,9093.049700000001
74,87,7250.0022
75,87,10524.0022
76,87,8644.0022
77,87,11919.0022
78,87,10255.0022
51,88,-11761.9978
52,88,-12998.9978
53,88,-10278.9978
54,88,-11448.677
55,88,-8494.6343
56,88,-9517.7657
57,88,-6341.1403
58,88,-7426.6925
59,88,-4452.1891
60,88,-5894.6111
61,88,-2710.8675
62,88,-4475.9978
63,88,-1098.616
64,88,-2840.8015
65,88,547.3362000000001
66,88,-1259.3058
67,88,2094.1427
68,88,304.7223
69,88,3682.3711999999996
70,88,1671.5818
71,88,5102.9103
72,88,3309.1973
73,88,6515.2443
74,88,4760.1902
75,88,7884.1881
76,88,6025.7202
77,88,9129.0022
78,88,7501.0022
51,89,-10921.9978
52,89,-12150.9978
53,89,-9274.9978
54,89,-10434.9978
55,89,-7421.0584
56,89,-8483.7569
57,89,-5376.903
58,89,-6357.5024
59,89,-3159.0260000000003
60,89,-4358.1595
61,89,-939.3823
62,89,-2212.2176
63,89,852.4796
64,89,-537.4753000000001
65,89,2527.6536
66,89,1072.5022
67,89,3968.9857999999995
68,89,2397.2167999999997
69,89,5578.6173
70,89,3714.8891000000003
71,89,6871.2868
72,89,5224.5341
73,89,8365.0233
74,89,6604.1974
75,89,9741.116
76,89,7891.0022
77,89,11104.0022
78,89,9297.0022
79,89,12518.0022
52,90,-13960.9978
53,90,-11280.9978
54,90,-12563.9978
55,90,-9583.084499999999
56,90,-10577.885999999999
57,90,-7436.3593
58,90,-8711.680199999999
59,90,-5391.4503
60,90,-6401.4400000000005
61,90,-3465.0745
62,90,-4530.5067
63,90,-1829.4051
64,90,-2989.9891
65,90,-202.139
66,90,-1460.374
67,90,1569.8089999999997
68,90,-138.41660000000002
69,90,2968.7183999999997
70,90,1115.8123
71,90,4249.9011
72,90,2641.3354999999997
73,90,5712.6885999999995
74,90,4025.2522
75,90,7179.9649
76,90,5383.8112
77,90,8404.4143
78,90,6634.1548
79,90,9654.0022
80,90,8097.0022
53,91,-10131.9978
54,91,-11384.9978
55,91,-8377.427599999999
56,91,-9365.9609
57,91,-6185.8285000000005
58,91,-7471.9978
59,91,-4475.644
60,91,-5185.4999
61,91,-2126.8028
62,91,-2934.0537
63,91,-304.80089999999996
64,91,-1273.959
65,91,1422.3251999999998
66,91,317.1813000000001
67,91,3197.7577
68,91,1746.5022
69,91,4741.1417
70,91,3042.4687
71,91,5967.4064
72,91,4500.0966
73,91,7513.5533000000005
74,91,5964.5577
75,91,9028.138
76,91,7313.0022
77,91,10306.7666
78,91,8607.0022
79,91,11574.0022
80,91,9879.0022
53,92,-12141.9978
54,92,-13436.9978
55,92,-10541.9978
56,92,-11655.9592
57,92,-8411.2988
58,92,-9557.7133
59,92,-6576.6211
60,92,-7413.5912
61,92,-4339.6214
62,92,-5210.9592
63,92,-2649.1292
64,92,-3474.4869
65,92,-961.9505
66,92,-1958.2664
67,92,815.6021999999999
68,92,-703.749
69,92,2280.5861
70,92,634.3212
71,92,3480.4658
72,92,1802.0216
73,92,4765.6431999999995
74,92,3188.3113999999996
75,92,6237.0022
76,92,4777.8966
77,92,7607.5706
78,92,5861.0022
79,92,8882.2677
80,92,7234.651699999999
54,93,-12220.9978
55,93,-9282.9978
56,93,-10552.9978
57,93,-7443.3455
58,93,-8936.7169
59,93,-5799.9978
60,93,-6783.8879
61,93,-3708.9978
62,93,-4273.1977
63,93,-1744.1068
64,93,-2386.7592
65,93,197.08839999999998
66,93,-656.6365
67,93,2268.0022
68,93,972.9976
69,93,3834.7303999999995
70,93,2412.5367
71,93,5347.7973999999995
72,93,3784.7371999999996
73,93,6739.2110999999995
74,93,5235.8544999999995
75,93,8076.0433
76,93,6664.2648
77,93,9721.0022
78,93,7923.463500000001
79,93,10766.6614
80,93,9149.0022
55,94,-11321.9978
56,94,-12741.9978
57,94,-9391.9978
58,94,-10711.9978
59,94,-7680.9978
60,94,-8741.9978
61,94,-5678.2073
62,94,-6215.8856000000005
63,94,-3803.4785
64,94,-4441.5059
65,94,-1992.722
66,94,-2857.9494
67,94,-162.7975
68,94,-1315.6456
69,94,1417.0022
70,94,-125.22559999999999
71,94,2831.1425
72,94,1140
73,94,4094.6993
74,94,2478.985
75,94,5486.6217
76,94,3956.3068000000003
77,94,6863.2101
78,94,5250.7056999999995
79,94,8082.7437
80,94,6395.0022
55,95,-10201.9978
56,95,-11681.9978
57,95,-8701.9978
58,95,-9871.9978
59,95,-6661.9978
60,95,-7890.4587
61,95,-4986.7153
62,95,-5402.5354
63,95,-3040.6101
64,95,-3540.4695
65,95,-916.4114999999999
66,95,-1615.7143999999998
67,95,1118.609
68,95,188.61630000000002
69,95,3011.6324
70,95,1612.6385999999998
71,95,4550.7219
72,95,3036.522
73,95,5944.6466
74,95,4350.5707999999995
75,95,7364.8105000000005
76,95,5931.0491
77,95,8842.2695
78,95,7309.699599999999
79,95,10237.0022
80,95,8412.2458
81,95,11347.369
56,96,-13501.9978
57,96,-10611.9978
58,96,-11711.9978
59,96,-8656.9978
60,96,-9774.820699999998
61,96,-6824.9972
62,96,-7167.704
63,96,-4857.5341
64,96,-5470.609
65,96,-2977.6335
66,96,-3323.6195000000002
67,96,-1019.1668999999999
68,96,-1984.0537
69,96,569.3303999999999
70,96,-729.2264
71,96,2041.6212
72,96,690.2761999999999
73,96,3404.4622
74,96,1824.8678
75,96,4813.8128
76,96,3301.2001
77,96,6147.7966
78,96,4446.3315
79,96,7283.0001999999995
80,96,5714.3305
81,96,8413.722000000002
82,96,7165.0022
57,97,-9631.9978
58,97,-10871.9978
59,97,-7651.9978
60,97,-9081.3087
61,97,-6293.0174
62,97,-6675.496
63,97,-4282.2741
64,97,-4736.5383999999995
65,97,-2620.8256
66,97,-2807.1019
67,97,-34.866300000000024
68,97,-645.333
69,97,2015.6689000000001
70,97,931.2184000000001
71,97,3485.0373
72,97,2343.6342999999997
73,97,5094.1925
74,97,3612.1854000000003
75,97,6508.3547
76,97,5093.6218
77,97,8187.448799999999
78,97,6663.8287
79,97,9390.953800000001
80,97,7747.9157000000005
81,97,10680.0022
82,97,9299.242300000002
58,98,-12790.9978
59,98,-9525.9978
60,98,-10706.9978
61,98,-7852.3419
62,98,-8360.5316
63,98,-6141.5555
64,98,-6579.7739
65,98,-4229.1606
66,98,-4884.6631
67,98,-2307.7264999999998
68,98,-2875.8035
69,98,-275.8586
70,98,-1289.4858
71,98,1271.0022
72,98,30.375599999999963
73,98,2689.0747
74,98,1210.7936
75,98,4151.5204
76,98,2655.7199
77,98,5688.8517999999995
78,98,3926.0063
79,98,6802.7025
80,98,4965.6854
81,98,7641.294000000001
82,98,6427.3718
58,99,-11881.9978
59,99,-8631.9978
60,99,-9975.9978
61,99,-7192.1216
62,99,-7607.4524
63,99,-5365.8883000000005
64,99,-5836.7698
65,99,-3433.2937
66,99,-4045.437
67,99,-1507.8662
68,99,-2031.7948999999999
69,99,654.8548
70,99,-122.87080000000003
71,99,2435.6972
72,99,1375.1165999999998
73,99,4050.2511999999997
74,99,2647.1575
75,99,5531.9947
76,99,4160.9535
77,99,7227.264
78,99,5654.9902
79,99,8672.458900000001
80,99,7033.6502
81,99,9838.077200000002
82,99,8666.120400000002
59,100,-10451.9978
60,100,-11546.9978
61,100,-8877.9978
62,100,-9360.9978
63,100,-6996.2051
64,100,-7483.5394
65,100,-5085.0652
66,100,-5797.6908
67,100,-3390.0054
68,100,-3951.9978
69,100,-1375.4888
70,100,-1990.6126
71,100,456.35479999999995
72,100,-688.1535
73,100,1993.2486
74,100,491.6800999999999
75,100,3322.4907000000003
76,100,1909.708
77,100,4887.0256
78,100,3234.8304
79,100,6257.5578
80,100,4353.1352
81,100,6840.3802
82,100,5480.658899999999
60,101,-10762.9978
61,101,-8051.9978
62,101,-8661.9978
63,101,-6328.8293
64,101,-6818.6766
65,101,-4459.8493
66,101,-5050.3664
67,101,-2522.8311
68,101,-3147.1512000000002
69,101,-709.7981
70,101,-1118.5446
71,101,1497.3827
72,101,447.2266000000001
73,101,3081.8139
74,101,1753.8546000000001
75,101,4556.7204
76,101,3290.7293
77,101,6267.9317
78,101,4791.5942
79,101,7782.231199999999
80,101,6188.0148
81,101,9227.6743
82,101,7985.2555999999995
83,101,11284.0022
61,102,-9901.9978
62,102,-10586.9978
63,102,-8240.9978
64,102,-8643.9978
65,102,-6129.3483
66,102,-6799.2145
67,102,-4221.9978
68,102,-4891.9978
69,102,-2514.4468
70,102,-2903.9002
71,102,-351.7777
72,102,-1296.2889
73,102,1051.1124999999997
74,102,-298.2269
75,102,2410.558
76,102,1087.2165
77,102,3916.4204
78,102,2525.6567999999997
79,102,5488.3597
80,102,3705.0927
81,102,6195.3963
82,102,4809.771
83,102,8283.0022
84,102,6225.0301
62,103,-9861.9978
63,103,-7320.9978
64,103,-8027.9978
65,103,-5652.9978
66,103,-6137.9978
67,103,-3549.9978
68,103,-4221.9978
69,103,-1912.9733999999999
70,103,-2317.1647
71,103,352.2308999999999
72,103,-338.0824
73,103,2189.0506
74,103,991.0166
75,103,3731.6103999999996
76,103,2542.1769
77,103,5356.6701
78,103,4059.5401
79,103,6842.4469
80,103,5364.8344
81,103,8439.4343
82,103,7194.535499999999
83,103,10513.402100000001
84,103,8185.085399999999
63,104,-9461.9978
64,104,-9920.9978
65,104,-7611.9978
66,104,-8021.9978
67,104,-5529.9978
68,104,-6020.9978
69,104,-3623.9978
70,104,-4101.9978
71,104,-1492.1197
72,104,-2216.0925
73,104,144.00220000000002
74,104,-830.9978
75,104,1688.9368999999997
76,104,459.1681
77,104,3064.9348999999997
78,104,1861.2642
79,104,4559.7114
80,104,2951.9291
81,104,5403.9084
82,104,4180.0449
83,104,7581.682
84,104,5628.4248
63,105,-8631.9978
64,105,-9251.9978
65,105,-6881.9978
66,105,-7261.9978
67,105,-4745.9978
68,105,-5325.9978
69,105,-2936.9978
70,105,-3406.9978
71,105,-913.0083
72,105,-1518.8402999999998
73,105,815.0022
74,105,40.2115
75,105,2776.8815
76,105,1945.446
77,105,4535.4288
78,105,3406.9439
79,105,5991.7746
80,105,4652.5010999999995
81,105,7634.1212000000005
82,105,6435.6392
83,105,9594.2263
84,105,7620.6704
64,106,-11010.9978
65,106,-8581.9978
66,106,-9091.9978
67,106,-6631.9978
68,106,-7101.9978
69,106,-4680.9978
70,106,-5141.9978
71,106,-2419.4961
72,106,-3119.4829
73,106,-916.4177
74,106,-1724.6100000000001
75,106,694.5353000000001
76,106,-184.96299999999997
77,106,2439.6237
78,106,1256.371
79,106,3807.9964
80,106,2153.7994
81,106,4651.9192
82,106,3503.3805999999995
83,106,6757.3577
84,106,5011.1997
85,106,7910.6462
65,107,-7741.9978
66,107,-8251.9978
67,107,-5760.9978
68,107,-6373.9978
69,107,-3762.9978
70,107,-4438.9978
71,107,-1682.7393
72,107,-2426.0209
73,107,-176.15250000000003
74,107,-816.8785
75,107,1778.0022
76,107,1123.9049999999997
77,107,3619.7123
78,107,2625.4159
79,107,5127.5935
80,107,3888.2735000000002
81,107,6839.9507
82,107,5750.0884
83,107,8798.7036
84,107,7148.6227
85,107,9970.227400000002
86,107,8088.2457
66,108,-10181.9978
67,108,-7591.9978
68,108,-8262.9978
69,108,-5732.9978
70,108,-6458.9978
71,108,-3440.9978
72,108,-4124.9978
73,108,-2058.1039
74,108,-2837.457
75,108,-465.9978
76,108,-1054.7438
77,108,1448.3527
78,108,285.90520000000004
79,108,2634.5833
80,108,1150.9656
81,108,3988.2749000000003
82,108,2927.631
83,108,6029.8944
84,108,4446.0556
85,108,7235.9811
86,108,5419.1156
67,109,-6801.9978
68,109,-7599.9978
69,109,-5001.9978
70,109,-5760.9978
71,109,-2977.9978
72,109,-3627.5413000000003
73,109,-1403.0464
74,109,-2094.1139
75,109,463.6355
76,109,-8.858499999999935
77,109,2805.6835
78,109,1842.0173
79,109,4427.6571
80,109,2933.5822
81,109,5982.3913999999995
82,109,4969.7095
83,109,7995.3111
84,109,6537.2636
85,109,9266.129500000001
86,109,7498.586399999999
68,110,-9151.9978
69,110,-6842.9978
70,110,-7571.9978
71,110,-4730.9978
72,110,-5301.9978
73,110,-3031.9978
74,110,-3887.9978
75,110,-1453.1742
76,110,-2094.7092
77,110,647.6407
78,110,-498.0118
79,110,1865.4492999999998
80,110,440.9172
81,110,3286.9003000000002
82,110,2298.4051
83,110,5322.6935
84,110,3996.4051
85,110,6624.3576
86,110,4866.3461
87,110,7721.6017999999995
69,111,-6011.9978
70,111,-6670.9978
71,111,-3891.9978
72,111,-4589.4303
73,111,-2361.9978
74,111,-3015.4978
75,111,-440.71590000000003
76,111,-1024.4645
77,111,1770.3478999999998
78,111,958.2492000000001
79,111,3450.9659
80,111,2184.0638
81,111,5117.2346
82,111,4225.9659
83,111,7162.8484
84,111,5886.9142999999995
85,111,8533.5586
86,111,6843.6253
87,111,9786.019900000001
70,112,-8431.9978
71,112,-5737.9978
72,112,-6220.9978
73,112,-4096.5644999999995
74,112,-4922.9978
75,112,-2334.5026
76,112,-3142.4187
77,112,-484.84839999999997
78,112,-1574.8871
79,112,878.4279
80,112,-261.29499999999996
81,112,2562.9488
82,112,1707.6336999999999
83,112,4690.4751
84,112,3518.3034
85,112,6015.8257
86,112,4456.4293
87,112,7309.237099999999
71,113,-4721.9978
72,113,-5380.9978
73,113,-3205.3861
74,113,-4030.4915
75,113,-1370.9978
76,113,-2029.7026999999998
77,113,932.2130000000001
78,113,-11.507499999999936
79,113,2494.3437
80,113,1320.6662999999999
81,113,4224.4564
82,113,3395.2546
83,113,6317.2042
84,113,5272.1194
85,113,7742.5338
86,113,6241.533
87,113,9112.0349
88,113,7326.246099999999
71,114,-6501.9978
72,114,-7125.9978
73,114,-4917.9978
74,114,-5779.9978
75,114,-3191.9978
76,114,-4146.8083
77,114,-1335.5851
78,114,-2474.8924
79,114,52.84990000000005
80,114,-994
81,114,1836.0520999999999
82,114,1126.3660999999997
83,114,4036.1916
84,114,2878.5749
85,114,5393.4537
86,114,3965.4416
87,114,6673.9878
88,114,4951.3642
72,115,-6251.9978
73,115,-4101.9978
74,115,-4871.9978
75,115,-2236.1802
76,115,-3066.8289
77,115,24.67439999999999
78,115,-965.3702
79,115,1526.154
80,115,531.7212000000001
81,115,3307.3477000000003
82,115,2586.8388999999997
83,115,5671.5938
84,115,4536.7897
85,115,6931.7919
86,115,5660.031
87,115,8354.100600000002
88,115,6702.9204
72,116,-8030.9978
73,116,-5830.9978
74,116,-6670.9978
75,116,-4196.2296
76,116,-5315.4728000000005
77,116,-2163.9016
78,116,-3250.3230000000003
79,116,-795.1803
80,116,-1709.2241
81,116,1164.0113999999999
82,116,439.3125000000001
83,116,3412.1202999999996
84,116,2406.8923
85,116,4709.7269
86,116,3298.548
87,116,6038.4594
88,116,4431.7910999999995
89,116,7280.8378999999995
73,117,-4941.9978
74,117,-5678.9978
75,117,-2990.9978
76,117,-4184.7575
77,117,-1118.5978
78,117,-2123.5579
79,117,483.8226000000001
80,117,-422.47720000000004
81,117,2403.5647
82,117,1805.6646
83,117,4858.2863
84,117,3885.8419000000004
85,117,6324.465
86,117,4956.5644999999995
87,117,7555.4261
88,117,6091.6714999999995
89,117,8897.142800000001
74,118,-7541.9978
75,118,-5063.9978
76,118,-6196.9978
77,118,-3202.7198000000003
78,118,-4231.0142
79,118,-1741.9747
80,118,-2395.5204
81,118,464.6717
82,118,-225.62829999999997
83,118,2820.0290999999997
84,118,1787.2871999999998
85,118,4126.2137999999995
86,118,2883.1382
87,118,5377.9501
88,118,3790.4743
89,118,6610.2426
90,118,4905.189
74,119,-6401.9978
75,119,-3871.9978
76,119,-4972.9978
77,119,-2180.3967
78,119,-3177.6497
79,119,-698.7727
80,119,-1474.312
81,119,1434.0425
82,119,887.7479999999999
83,119,4167.7561
84,119,3192.0766000000003
85,119,5443.7961
86,119,4252.7569
87,119,6864.0614
88,119,5341.0106
89,119,8010.923
90,119,6528.0022
74,120,-8301.9978
75,120,-5841.9978
76,120,-6939.9978
77,120,-4206.9978
78,120,-5215.9978
79,120,-2727.0503
80,120,-3285.1715
81,120,-540.247
82,120,-982.1868
83,120,2239.5917999999997
84,120,1282.8836000000001
85,120,3514.8814999999995
86,120,2284.4719
87,120,4763.7233
88,120,3370.8637
89,120,5964.6485999999995
90,120,4273.4442
91,120,7153.8318
75,121,-4641.9978
76,121,-5750.9978
77,121,-3131.9978
78,121,-4012.1634
79,121,-1662.9135999999999
80,121,-2283.8215
81,121,342.89279999999997
82,121,-47.171299999999974
83,121,3441.8904999999995
84,121,2522.1731999999997
85,121,4727.2825
86,121,3570.7421999999997
87,121,5968.4636
88,121,4618.3867
89,121,7299.242499999999
90,121,5710.9133
91,121,8463.6388
75,122,-6501.9978
76,122,-7631.9978
77,122,-5149.9978
78,122,-6051.9978
79,122,-3681.9978
80,122,-4014.3256
81,122,-1514.104
82,122,-1785.7431000000001
83,122,1682.5949
84,122,817.5345000000001
85,122,2896.2208
86,122,1792.5140000000001
87,122,4136.9073
88,122,2764.3489
89,122,5289.6174
90,122,3789.2886
91,122,6512.0887999999995
76,123,-6562.9978
77,123,-4041.9978
78,123,-4922.9978
79,123,-2682.8518
80,123,-3147.757
81,123,-677.9196999999999
82,123,-971.3575999999999
83,123,2735.3079
84,123,1886.8563
85,123,3977.3082999999997
86,123,2920.7259
87,123,5239.258
88,123,3950.1866
89,123,6476.3648
90,123,4957.0803
91,123,7742.9652
92,123,6062.7769
77,124,-6021.9978
78,124,-7073.9978
79,124,-4654.9978
80,124,-5321.9978
81,124,-2555.0814
82,124,-2554.2106
83,124,1375.4162000000001
84,124,378.946
85,124,2460.2439
86,124,1345.3374
87,124,3593.0173999999997
88,124,2295.2376999999997
89,124,4773.4743
90,124,3239.6620999999996
91,124,5861.1059
92,124,4220.633
77,125,-5131.9978
78,125,-6161.9978
79,125,-3791.9978
80,125,-4738.9978
81,125,-2329.5637
82,125,-2439.5301
83,125,1856.3701999999998
84,125,870.5763000000001
85,125,2958.9627
86,125,1869.8636999999999
87,125,4121.223199999999
88,125,2877.759
89,125,5318.5335
90,125,3868.8855000000003
91,125,6503.2638
92,125,4894.0022
77,126,-8121.9978
78,126,-9071.9978
79,126,-6771.9978
80,126,-7776.9978
81,126,-5568.9884
82,126,-6020.3962
83,126,-1666.013
84,126,-2183.1527
85,126,-236.6966
86,126,-1053.0683
87,126,1119.7514999999999
88,126,29.069700000000125
89,126,2476.5576
90,126,1126.8028
91,126,3826.9701999999997
92,126,2223.0890999999997
93,126,5118.9998
78,127,-8241.9978
79,127,-5971.9978
80,127,-6868.9978
81,127,-4506.7109
82,127,-4991.7787
83,127,-1085.4736
84,127,-1595.3741
85,127,719.2618000000001
86,127,-138.42509999999993
87,127,2339.3390999999997
88,127,1191.8595
89,127,3836.2722999999996
90,127,2481.4611999999997
91,127,5260.8234
92,127,3690.732
93,127,6440.0022
94,127,4997.0022
79,128,-7522.9978
80,128,-8376.9978
81,128,-6056.9978
82,128,-6503.4312
83,128,-2388.1019
84,128,-3273.4634
85,128,-948.0006
86,128,-1962.5103
87,128,465.1296000000001
88,128,-701.5536999999999
89,128,1790.7875
90,128,493.9041000000001
91,128,3098.4456
92,128,1713.0022
93,128,4368.0022
94,128,2763.0022
95,128,5557.0022
79,129,-6431.9978
80,129,-7401.9978
81,129,-4968.9978
82,129,-5437.0107
83,129,-1591.0111
84,129,-2443.8459
85,129,68.82299999999998
86,129,-934.4042999999999
87,129,1695.7118
88,129,552.8751000000001
89,129,3183.2909
90,129,1871.2289999999998
91,129,4566.8616999999995
92,129,3123.0612
93,129,5979.8094
94,129,4440.0022
95,129,6958.0022
80,130,-9001.9978
81,130,-6709.9978
82,130,-7019.9978
83,130,-3050.0708
84,130,-4291.1903
85,130,-1736.8106
86,130,-3025.3635
87,130,-365.90109999999993
88,130,-1435.8816
89,130,1153.7026999999998
90,130,-76.21529999999996
91,130,2413.0134
92,130,1186.4751
93,130,3591.3068000000003
94,130,2226.0022
95,130,5068.0022
81,131,-5592.9978
82,131,-6009.4066
83,131,-2039.7589
84,131,-3193.0404000000003
85,131,-547.6555
86,131,-1758.0298
87,131,820.0288999999999
88,131,-245.08410000000003
89,131,2449.6662
90,131,1386.8795
91,131,3839.3242
92,131,2685.6659
93,131,5267.5594
94,131,3660.0022
95,131,6318.0022
81,132,-7437.9978
82,132,-7669.9978
83,132,-3734.9707000000003
84,132,-5113.6498
85,132,-2510.8521
86,132,-3904.8026
87,132,-1234.3962
88,132,-2232.2384
89,132,545.1736999999999
90,132,-440.7563
91,132,1930.2145999999998
92,132,858.3415000000001
93,132,3224.0990999999995
94,132,1791.0022
95,132,4388.0022
81,133,-6327.9978
82,133,-6709.9978
83,133,-2657.9978
84,133,-3868.5081
85,133,-1278.4312
86,133,-2588.6816
87,133,-151.6594
88,133,-1335.3719
89,133,1279.5944
90,133,538.3493
91,133,2844.7727
92,133,1993.3631999999998
93,133,4466.0814
94,133,3169.0022
95,133,5720.0022
81,134,-8100.9978
82,134,-8382.9978
83,134,-4551.9978
84,134,-5881.3844
85,134,-3307.3373
86,134,-4785.7528
87,134,-2216.101
88,134,-3079.8958000000002
89,134,-430.1879
90,134,-1260.565
91,134,1024.4495000000002
92,134,273.19999999999993
93,134,2511.987
94,134,1261.0022
95,134,3763.4920999999995
81,135,-7071.9978
82,135,-7420.9978
83,135,-3435.9978
84,135,-4659.9978
85,135,-1909.7116999999998
86,135,-3333.3728
87,135,-1015.8516999999999
88,135,-2171.0822
89,135,386.3174
90,135,-349.11
91,135,1813.9526
92,135,1192.6650999999997
93,135,3583.0022
94,135,2571.5484
95,135,4918.0022
96,135,3838.0022
82,136,-9102.9978
83,136,-5321.9978
84,136,-6717.9978
85,136,-4013.0254
86,136,-5603.0692
87,136,-3029.4069
88,136,-3944.7797
89,136,-1377.7364
90,136,-2133.5495
91,136,3.613899999999944
92,136,-725.5958
93,136,1568.7599
94,136,673.5565
95,136,3079.0022
96,136,1891.0022
97,136,4456.0022
83,137,-4192.9978
84,137,-5447.9978
85,137,-2555.2371
86,137,-4060.2676
87,137,-1718.4818
88,137,-2849.5562
89,137,-380.37260000000003
90,137,-1066.7537
91,137,1130.7015000000001
92,137,291.77380000000005
93,137,2599.6007999999997
94,137,1662.8926999999999
95,137,4037.0022
96,137,2986.0022
97,137,5651.0022
84,138,-7485.9978
85,138,-4672.9978
86,138,-6287.9175000000005
87,138,-3735.539
88,138,-4874.9616
89,138,-2349.9467
90,138,-3145.7523
91,138,-710.6668
92,138,-1580.524
93,138,795.7369
94,138,-20.997799999999984
95,138,2211.0022
96,138,1239.0022
97,138,3735.0022
84,139,-6182.9978
85,139,-3220.9978
86,139,-4786.9978
87,139,-2248.652
88,139,-3526.9791
89,139,-1067.538
90,139,-2126.4169
91,139,289.0335000000001
92,139,-640.384
93,139,1728.0022
94,139,1081.3069
95,139,3090.0022
96,139,2367.0022
97,139,4667.0022
98,139,3706.0022
84,140,-8180.9978
85,140,-5301.9978
86,140,-6934.9978
87,140,-4225.3872
88,140,-5466.0248
89,140,-2894.0244
90,140,-3997.8723
91,140,-1413.4705
92,140,-2359.1012
93,140,7.421899999999937
94,140,-626.8171
95,140,1420.2579999999998
96,140,790.0022
97,140,2941.0022
98,140,2039.0022
99,140,4407.0022
85,141,-3910.9978
86,141,-5565.9978
87,141,-2881.2429
88,141,-4128.2885
89,141,-1699.9173999999998
90,141,-2969.0403
91,141,-522.159
92,141,-1592.2971
93,141,787.8484
94,141,117.30430000000013
95,141,2117.0022
96,141,1655.0022
97,141,3749.0022
98,141,2930.0022
99,141,5215.0022
100,141,4305.0022
85,142,-5871.9978
86,142,-7658.9978
87,142,-4716.1443
88,142,-5992.4605
89,142,-3475.6329
90,142,-4729.7109
91,142,-2264.2298
92,142,-3215.9083
93,142,-897.7359
94,142,-1498.5832
95,142,456.0022
96,142,1.7839999999999918
97,142,2081.0022
98,142,1302.0022
99,142,3545.0022
100,142,2576.0022
86,143,-6548.9978
87,143,-3704.9978
88,143,-4886.0846
89,143,-2364.53
90,143,-3598.3928
91,143,-1296.086
92,143,-2392.1162
93,143,-88.48619999999994
94,143,-801.9348
95,143,1236.2752999999998
96,143,734.6043000000001
97,143,2918.0022
98,143,2324.0022
99,143,4392.0022
100,143,3547.0022
101,143,5612.0022
87,144,-5490.9978
88,144,-6597.8769
89,144,-4048.0222
90,144,-5250.2342
91,144,-2750.8509
92,144,-3911.3708
93,144,-1540.5316
94,144,-2313.4469
95,144,-219.85759999999993
96,144,-807.8851
97,144,1257.0022
98,144,613.0022
99,144,2735.0022
100,144,1916.0022
101,144,4111.0022
88,145,-5607.9884
89,145,-3111.4326
90,145,-4361.4042
91,145,-1943.2455
92,145,-3159.4883
93,145,-875.1326
94,145,-1744.7827
95,145,362.79239999999993
96,145,-254.56319999999994
97,145,1926.0022
98,145,1278.0022
99,145,3525.0022
100,145,2855.0022
101,145,4902.0022
89,146,-4794.9978
90,146,-5987.7929
91,146,-3449.4714
92,146,-4608.3089
93,146,-2283.6612
94,146,-3212.9073000000003
95,146,-1042.7777
96,146,-1686.3123
97,146,485.6958000000001
98,146,-257.7269
99,146,1908.0022
100,146,1350.3869999999997
101,146,3241.0022
102,146,2719.0022
90,147,-5086.9978
91,147,-2652.9978
92,147,-3786.9978
93,147,-1421.2663
94,147,-2381.9978
95,147,-270.8605
96,147,-1015.0676
97,147,1239.9924
98,147,549.3777000000001
99,147,2706.5762999999997
100,147,2072.0022
101,147,4028.0022
102,147,3584.0022
91,148,-4183.9978
92,148,-5316.9978
93,148,-2903.9978
94,148,-3721.9978
95,148,-1601.5537
96,148,-2449.2978
97,148,-212.7459
98,148,-898.6819
99,148,1447.0027999999998
100,148,577.0022
101,148,2639.8113
102,148,2145.0022
103,148,3959.0022
92,149,-4564.9978
93,149,-2224.9978
94,149,-3072.9978
95,149,-948.8835
96,149,-1917.8907
97,149,328.0022
98,149,-402.1267
99,149,2039.0022
100,149,1322.0022
101,149,3304.9498000000003
102,149,2860.0022
103,149,4644.0022
104,149,4096.0022
93,150,-3695.9978
94,150,-4455.9978
95,150,-2299.7537
96,150,-3398.9978
97,150,-1065.5819
98,150,-1915.0992999999999
99,150,430.0022
100,150,-174.99779999999998
101,150,1985.9427999999998
102,150,1382.2545
103,150,3142.7774
104,150,2533.0022
105,150,4243.0022
94,151,-3693.9978
95,151,-1422.9978
96,151,-2641.9978
97,151,-283.6929
98,151,-1145.5978
99,151,1033.0022
100,151,425.2632
101,151,2628.5097
102,151,2164.0022
103,151,3900.5775000000003
104,151,3360.0022
105,151,5054.0022
95,152,-3078.9978
96,152,-4191.9978
97,152,-1926.3608
98,152,-2803.6674
99,152,-645.4318000000001
100,152,-1499.9976
101,152,805.0022
102,152,249.00220000000002
103,152,2113.3738
104,152,1453.3914999999997
105,152,3265.8990999999996
106,152,2766.0022
96,153,-3374.9978
97,153,-1059.5798
98,153,-2114.9978
99,153,238.00220000000002
100,153,-686.9355
101,153,1528.0022
102,153,947.8670000000001
103,153,2901.5595
104,153,2179.0022
105,153,4141.3673
106,153,3506.0022
107,153,5554.0022
97,154,-2441.9978
98,154,-3521.9978
99,154,-1313.0731
100,154,-2113.6278
101,154,19.605899999999906
102,154,-654.9978
103,154,1396.0022
104,154,540.0022
105,154,2602.0022
106,154,1853.0022
107,154,4052.4074
97,155,-1542.9978
98,155,-2648.9978
99,155,-369.24170000000004
100,155,-1310.7694999999999
101,155,949.0022
102,155,232.59450000000004
103,155,2282.0022
104,155,1494.0022
105,155,3503.0022
106,155,2675.0022
107,155,4861.0485
108,155,4160.0022
98,156,-4073.9978
99,156,-1741.9978
100,156,-2721.9978
101,156,-619.6631
102,156,-1234.9978
103,156,749.0022
104,156,-150.99779999999998
105,156,1968.0022
106,156,1094.0022
107,156,3279.0022
108,156,2583.0022
109,156,4702.0022
99,157,-877.9978
100,157,-1834.9978
101,157,242.00220000000002
102,157,-506.9978
103,157,1645.0022
104,157,739.0022
105,157,2839.0022
106,157,2063.0022
107,157,4153.0022
108,157,3483.0022
109,157,5511.0088
110,157,5067.0022
100,158,-3297.9978
101,158,-1161.9978
102,158,-1961.9978
103,158,80.00220000000002
104,158,-734.9978
105,158,1331.0022
106,158,499.0022
107,158,2579.0022
108,158,2014.0022
109,158,4111.0022
110,158,3475.0022
101,159,-237.99779999999998
102,159,-1144.9978
103,159,982.0022
104,159,65.00220000000002
105,159,2165.0022
106,159,1390.0022
107,159,3465.0022
108,159,2871.0022
109,159,5161.0022
110,159,4513.0022
102,160,-2587.9978
103,160,-481.9978
104,160,-1321.9978
105,160,670.0022
106,160,-144.99779999999998
107,160,1936.0022
108,160,1239.0022
109,160,3785.0022
110,160,2951.0022
103,161,342.0022
104,161,-564.9978
105,161,1582.0022
106,161,770.0022
107,161,2885.0022
108,161,1994.0022
109,161,4575.0022
110,161,3831.0022
111,161,5668.0022
104,162,-2547.9978
105,162,-451.9978
106,162,-1281.9978
107,162,763.0022
108,162,-139.99779999999998
109,162,2387.0022
110,162,1579.0022
111,162,3578.0022
105,163,562.0022
106,163,-477.9978
107,163,1777.0022
108,163,810.0022
109,163,3455.0022
110,163,2481.0022
111,163,4393.0022
106,164,-1987.9978
107,164,220.00220000000002
108,164,-804.9978
109,164,1993.0022
110,164,926.0022
111,164,2707.0022
112,164,1952.0022
107,165,1245.0022
108,165,62.002200000000016
109,165,2821.0022
110,165,1877.0022
111,165,3825.0022
112,165,2903.0022
113,165,5166.0022
107,166,-258.9978
108,166,-1377.9978
109,166,1253.0022
110,166,205.00220000000002
111,166,2293.0022
112,166,1299.0022
113,166,3417.0022
108,167,-309.9978
109,167,2105.0022
110,167,1062.0022
111,167,3248.0022
112,167,2277.0022
113,167,4563.0022
108,168,-1786.9978
109,168,611.0022
110,168,-537.9978
111,168,1675.0022
112,168,746.0022
113,168,2841.0022
108,169,-746.9978
109,169,1525.0022
110,169,417.0022
111,169,2544.0022
112,169,1592.0022
113,169,3881.0022
108,170,-2171.9978
109,170,63.002200000000016
110,170,-1211.9978
111,170,1038.0022
112,170,62.002200000000016
113,170,2204.0022
114,170,1166.0022
109,171,1068.0022
110,171,-148.99779999999998
111,171,1930.0022
112,171,935.0022
113,171,3154.0022
114,171,2142.0022
110,172,-1686.9978
111,172,528.0022
112,172,-576.9978
113,172,1660.0022
114,172,627.0022
115,172,2797.0022
111,173,1488.0022
112,173,335.0022
113,173,2485.0022
114,173,1452.0022
115,173,3727.0022
116,173,2752.0022
112,174,-1082.9978
113,174,1063.0022
114,174,-74.99779999999998
115,174,2195.0022
116,174,1214.0022
117,174,3387.0022
113,175,2017.0022
114,175,893.0022
115,175,3039.0022
116,175,2042.0022
117,175,4466.0022
118,175,3352.0022
114,176,-605.9978
115,176,1658.0022
116,176,511.0022
117,176,2838.0022
118,176,1901.0022
