z,n,betaMinus(keV)
2,1,-13736
1,2,18.59202
2,2,-22898.274
3,2,-25460
4,2,-28945
1,3,22196.2131
2,3,-447.6529
3,3,-4288.1534
4,3,-11907.5551
5,3,-12142.7002
1,4,21661.2131
2,4,3505.2147
3,4,-861.893
4,4,-17979.8973
5,4,-16494.4854
6,4,-23101.3545
7,4,-23373.2693
1,5,24283.6294
2,5,11166.0229
3,5,16004.1329
4,5,-1068.0349
5,5,-3648.0623
6,5,-13716.2469
7,5,-14675.2668
8,5,-18915
1,6,23062
2,6,10663.8784
3,6,13606.4541
4,6,556.8759
5,6,-1981.6889
6,6,-17338.0681
7,6,-17769.9506
8,6,-23956.6215
9,6,-23648.6215
2,7,15980.9213
3,7,20445.1411
4,7,11509.4607
5,7,13369.3979
6,7,-2220.4718
7,7,-5144.3643
8,7,-13711.13
9,7,-13311.5932
10,7,-18219.1277
2,8,16144.5191
3,8,20551.0898
4,8,11708.3636
5,8,13436.9387
6,8,156.4765
7,8,-2754.1841
8,8,-15412.184
9,8,-14548.7507
10,8,-19720.3745
11,8,-18909.0095
3,9,23931.8152
4,9,17097.1315
5,9,20643.7926
6,9,9771.7071
7,9,10420.9094
8,9,-2760.4655
9,9,-4444.5049
10,9,-11177.331
11,9,-10627.2054
12,9,-16186
13,9,-15439
3,10,23321.8152
4,10,16290.8166
5,10,19084.2343
6,10,8010.226
7,10,8678.843
8,10,-1655.9288
9,10,-3239.4986
10,10,-13892.4207
11,10,-13088.708
12,10,-18601
13,10,-17202
14,10,-23275
4,11,20868.4411
5,11,23417.5656
6,11,13161.8007
7,11,13895.9838
8,11,4820.3029
9,11,7024.4689
10,11,-3546.919
11,11,-4781.4051
12,11,-12221.7457
13,11,-10793.9978
14,11,-16363
15,11,-16707
4,12,20335.4399
5,12,22684.4422
6,12,11806.0982
7,12,12523.3972
8,12,3813.6349
9,12,5684.1712
10,12,-2843.3243
11,12,-4056.179
12,12,-13884.766
13,12,-12743.2956
14,12,-18114
15,12,-18150
16,12,-24197
17,12,-23947
5,13,26873.3742
6,13,16557.4995
7,13,17970.3261
8,13,8109.639
9,13,10818.0916
10,13,4375.8085
11,13,5515.6774
12,13,-4276.808
13,13,-5069.1361
14,13,-11725.473
15,13,-11221.0593
16,13,-17117
17,13,-17397
18,13,-22935
5,14,27356.4961
6,14,15737.0689
7,14,17169.8816
8,14,6489.6562
9,14,8439.3084
10,14,2466.2583
11,14,3834.9684
12,14,-4004.4042
13,14,-4812.3583
14,14,-14344.9407
15,14,-13858.4257
16,14,-18733.802
17,14,-18360
18,14,-24190
19,14,-23489
5,15,31898.0019
6,15,20411
7,15,22481.7725
8,15,11336.1072
9,15,13496.1583
10,15,7322.3107
11,15,9353.7631
12,15,2610.2694
13,15,4642.0776
14,15,-4942.2325
15,15,-6141.6014
16,15,-12007.979
17,15,-11134.3536
18,15,-16925
19,15,-16110
20,15,-21910
5,16,32740
6,16,21846.3983
7,16,22099.0584
8,16,10955.8885
9,16,13369.6698
10,16,7341.894
11,16,9068.8037
12,16,1830.774
13,16,3687.3192
14,16,-4232.1065
15,16,-5398.013
16,16,-12680.8313
17,16,-11619.0452
18,16,-17158
19,16,-16363
20,16,-22601
21,16,-21390
6,17,27450
7,17,28438
8,17,15994.8633
9,17,18193.5414
10,17,12568.7005
11,17,14031.6303
12,17,7595.4023
13,17,8568.8459
14,17,1491.5071
15,17,1710.6608
16,17,-5582.5182
17,17,-6061.793
18,17,-11874.3955
19,17,-10966.0155
20,17,-16916
21,17,-15619
22,17,-20070
7,18,28654
8,18,15986.3855
9,18,18082.568
10,18,12288.0534
11,18,13292.3538
12,18,6982.744
13,18,7998.3286
14,18,227.1872
15,18,248.5079
16,18,-5491.6037
17,18,-5966.2429
18,18,-12814.3607
19,18,-11664.1314
20,18,-17809
21,18,-16673
22,18,-21463
23,18,-20100
8,19,19536
9,19,22104.0579
10,19,15719.8092
11,19,17356.0423
12,19,11828.5569
13,19,12978.3208
14,19,5823.0223
15,19,5382.9879
16,19,167.3218
17,19,709.5343
18,19,-6147.4775
19,19,-6742.2563
20,19,-13109.9804
21,19,-11529.9139
22,19,-16008
23,19,-14679
24,19,-19340
8,20,18676
9,20,21750.3873
10,20,14805.4501
11,20,15368.1833
12,20,10270.4677
13,20,12016.946
14,20,4557.0175
15,20,3988.4006
16,20,-1142.1329
17,20,-813.8729
18,20,-5914.0671
19,20,-6524.4888
20,20,-14323.0493
21,20,-12944.8214
22,20,-17485
23,20,-15946
24,20,-20882
25,20,-19388
9,21,25680
10,21,18935.5625
11,21,19469.0523
12,21,13460.255
13,21,16994.0653
14,21,10466.3291
15,21,10413.0962
16,21,4865.1258
17,21,4916.7109
18,21,565
19,21,1310.9051
20,21,-6495.5482
21,21,-7016.6496
22,21,-11399.2333
23,21,-10386.1805
24,21,-14535
25,21,-13628
26,21,-17750
27,21,-16448
9,22,25661
10,22,18359
11,22,18817.24
12,22,11320.9428
13,22,14167.7504
14,22,7814.9194
15,22,7900.4135
16,22,2936.9
17,22,3441.9774
18,22,-1504.4031
19,22,-421.6406
20,22,-6426.2904
21,22,-6872.5591
22,22,-13740.5071
23,22,-12371.64
24,22,-17053.8226
25,22,-15437
26,22,-19738
27,22,-18309
10,23,22350
11,23,23356.7903
12,23,15863.5156
13,23,18386.5096
14,23,12424.5003
15,23,12239.6512
16,23,6637.5463
17,23,7482.0816
18,23,2492.0392
19,23,3525.2626
20,23,-2220.7227
21,23,-267.4488
22,23,-7123.8247
23,23,-7604.3264
24,23,-11996.7167
25,23,-11288.0685
26,23,-14971
27,23,-14130
10,24,21161
11,24,22192
12,24,14429.7751
13,24,16381.0765
14,24,10451.2656
15,24,10388.0361
16,24,4719.9687
17,24,5760.318
18,24,599.3527
19,24,1833.4783
20,24,-3652.6948
21,24,-2062.0551
22,24,-7052.3723
23,24,-7443.9769
24,24,-13524.6692
25,24,-12869.1957
26,24,-16887.0566
27,24,-15692
28,24,-20680
11,25,25523
12,25,18401.9132
13,25,20640
14,25,15094.9874
15,25,14698.6603
16,25,8298.6116
17,25,9590.9082
18,25,4565.5836
19,25,5687.2319
20,25,260.091
21,25,2366.626
22,25,-2930.5422
23,25,-1656.6918
24,25,-7712.4265
25,25,-8150.4267
26,25,-12847.0389
27,25,-11784.123
28,25,-16491
29,25,-15538
11,26,24923
12,26,17604
13,26,19169
14,26,13806.0653
15,26,14028.8125
16,26,7194.0221
17,26,7850.3002
18,26,3108.2375
19,26,4196.5868
20,26,-1377.9665
21,26,600.7694
22,26,-4014.9467
23,26,-2629.8047
24,26,-7634.4776
25,26,-8054.04
26,26,-13988.1167
27,26,-13028.5485
28,26,-18038
29,26,-17366
30,26,-21550
11,27,27831
12,27,21286
13,27,23154
14,27,18180
15,27,18729.5899
16,27,11964.05
17,27,12194.2869
18,27,6844.8422
19,27,7725.6802
20,27,1992.177
21,27,3988.8685
22,27,-601.8555
23,27,1038.124
24,27,-3207.4893
25,27,-2379.2912
26,27,-8288.1073
27,27,-8731.7558
28,27,-13700.5585
29,27,-13240
30,27,-17140
31,27,-15960
11,28,27201
12,28,20729
13,28,21390
14,28,15748
15,28,17236
16,28,11274.7373
17,28,11508.2568
18,28,5642.6746
19,28,6632.6837
20,28,279.2155
21,28,2001.5652
22,28,-2208.6274
23,28,-752.3907
24,28,-4708.1214
25,28,-3742.8664
26,28,-8244.5478
27,28,-8694.035
28,28,-15277.9163
29,28,-14759
30,28,-18759
31,28,-17390
32,28,-21890
12,29,23510
13,29,25150
14,29,19289
15,29,20314
16,29,14922
17,29,16036.3062
18,29,10344.7078
19,29,11940.3857
20,29,5262.4445
21,29,6894.747
22,29,2470.1402
23,29,3976.4763
24,29,-597.2679
25,29,696.3688
26,29,-3451.4254
27,29,-2132.8689
28,29,-8774.9466
29,29,-9368.9796
30,29,-13456
31,29,-12060
32,29,-16590
13,30,23940
14,30,18200
15,30,19301
16,30,14375
17,30,15787
18,30,9929.555
19,30,11688.5069
20,30,4947.8903
21,30,6482.6122
22,30,1965.334
23,30,3435.9426
24,30,-1377.1325
25,30,-231.1204
26,30,-4566.6455
27,30,-3261.697
28,30,-8561.0204
29,30,-9142.776
30,30,-14584
31,30,-13345
32,30,-17720
33,30,-16650
14,31,21130
15,31,22200
16,31,16781
17,31,18075
18,31,12551
19,31,13861.3774
20,31,6918.0432
21,31,8954.1372
22,31,4970.2419
23,31,7037.1118
24,31,2602.2183
25,31,3695.4973
26,31,-836.3589
27,31,381.5789
28,31,-4798.3786
29,31,-4170.7922
30,31,-9214.2438
31,31,-9847
32,31,-13421
33,31,-12673
34,31,-16529
15,32,21610
16,32,16670
17,32,17800
18,32,12498
19,32,13816.8529
20,32,6257.2889
21,32,8111.8785
22,32,4154.4548
23,32,5985.1877
24,32,1626.5384
25,32,2695.7375
26,32,-2307.9785
27,32,-1073.005
28,32,-6127.981
29,32,-5635.1565
30,32,-9181.0666
31,32,-9625.8787
32,32,-14783
33,32,-13917
34,32,-18091
35,32,-16978
16,33,19652
17,33,20930
18,33,16026
19,33,17128.6431
20,33,9381.8471
21,33,11305.8789
22,33,7292.6673
23,33,9101.727
24,33,4961.2946
25,33,6327.7027
26,33,1564.8804
27,33,2822.8058
28,33,-2237.9663
29,33,-1619.4548
30,33,-5666.3294
31,33,-4517.3237
32,33,-9541.167
33,33,-10365
34,33,-14051
35,33,-13165
17,34,20780
18,34,15758
19,34,17091.9853
20,34,9277.3463
21,34,10990.3608
22,34,6760.4051
23,34,8089.9214
24,34,3835.7607
25,34,5139.629
26,34,237.2633
27,34,1323.8504
28,34,-3958.8965
29,34,-3366.4392
30,34,-7171.1912
31,34,-6179.2631
32,34,-9581.957
33,34,-10006.9381
34,34,-15398
35,34,-14119
17,35,23739
18,35,19086
19,35,20010
20,35,12191.7329
21,35,13907.147
22,35,10033.2148
23,35,11561.224
24,35,7409.3977
25,35,8445.2283
26,35,3977.6759
27,35,5322.0404
28,35,66.9768
29,35,579.5996
30,35,-3254.538
31,35,-2116.6879
32,35,-6086.4858
33,35,-4705.0786
34,35,-10175.2364
35,35,-10325
36,35,-14037
18,36,17710
19,36,19121
20,36,12005.458
21,36,13022.1957
22,36,9512.9152
23,36,10505.3137
24,36,6059.4457
25,36,7178.373
26,36,2546.3427
27,36,3661.3385
28,36,-1674.6156
29,36,-1351.6527
30,36,-5175.5
31,36,-4205.438
32,36,-8084.2715
33,36,-6677.4672
34,36,-10504.2727
35,36,-10175.2155
36,36,-15611
37,36,-14061
19,37,21491
20,37,14820
21,37,15438.0995
22,37,11731
23,37,13821.0986
24,37,9245.6277
25,37,10354.092
26,37,6215.9238
27,37,7306.5921
28,37,2137.8808
29,37,2640.9396
30,37,-1001.2201
31,37,-107.2555
32,37,-3988.4927
33,37,-2404.0737
34,37,-6644.0883
35,37,-5121.1683
36,37,-10540.1468
37,37,-11089
38,37,-14799
19,38,20689
20,38,13949
21,38,15050
22,38,10987.704
23,38,12319.3807
24,38,7671.3532
25,38,8748.5685
26,38,4822.8898
27,38,5940.5911
28,38,251.9958
29,38,560.8226
30,38,-2921.1
31,38,-2227.1455
32,38,-6228.063
33,38,-4746.742
34,38,-8806.4384
35,38,-7094.0287
36,38,-10415.828
37,38,-10600
38,38,-15998
39,38,-14839
19,39,23461
20,39,16639
21,39,17549
22,39,13807
23,39,15639.4478
24,39,10708.7611
25,39,11980.5117
26,39,7967.3036
27,39,9597.7522
28,39,3576.8654
29,39,4440.1115
30,39,909.9134
31,39,1651.8861
32,39,-2013.4
33,39,-361.6194
34,39,-4581.6095
35,39,-2956.3173
36,39,-7104.9299
37,39,-6231.4432
38,39,-11365
39,39,-11323
40,39,-15120
19,40,22940
20,40,15550
21,40,16870
22,40,13013
23,40,14438.1586
24,40,9349.0622
25,40,10250.5576
26,40,6340.6944
27,40,8420.9047
28,40,2103.2205
29,40,2681.6854
30,40,-654.5979
31,40,-232.4698
32,40,-4356.1019
33,40,-2725.3604
34,40,-6925.0492
35,40,-4783.388
36,40,-8534.6172
37,40,-7027.0566
38,40,-11001
39,40,-11033
40,40,-16339
41,40,-14900
20,41,18510
21,41,19510
22,41,15880
23,41,17320
24,41,12657
25,41,13317.4543
26,41,9613.3678
27,41,11821.2318
28,41,5757.565
29,41,6588.3675
30,41,2810.3405
31,41,3997.6263
32,41,-344.7759
33,41,1353.1467
34,41,-3062.4694
35,41,-1275.3724
36,41,-5338.9516
37,41,-3761.4779
38,41,-7676.7291
39,41,-6388
40,41,-11164
41,41,-11440
42,41,-15020
21,42,18930
22,42,14840
23,42,16200
24,42,11610
25,42,12128
26,42,7746
27,42,9593.2084
28,42,3762.5123
29,42,4617.6517
30,42,442.7892
31,42,1598.1889
32,42,-2562.3871
33,42,-864.7139
34,42,-4962.881
35,42,-3065.3663
36,42,-7242.856
37,42,-5323.114
38,42,-9163.305
39,42,-8188.5003
40,42,-11804
41,42,-11273
42,42,-16470
43,42,-15220
22,43,17320
23,43,18840
24,43,14311
25,43,14977
26,43,11186
27,43,12688.9049
28,43,7304.8989
29,43,8362.4883
30,43,4105.9329
31,43,5372.8249
32,43,1177.2301
33,43,2960.5756
34,43,-1364.6792
35,43,726.1153
36,43,-3639.5114
37,43,-1864.009
38,43,-5815.2156
39,43,-4450.0341
40,43,-8298.7493
41,43,-7024
42,43,-11660
43,43,-11800
23,44,17526
24,44,13230
25,44,13839
26,44,9635
27,44,11036.3053
28,44,5556.9381
29,44,6605.9659
30,44,2292.9057
31,44,3396.3337
32,44,-921.5145
33,44,683.1627
34,44,-3573.7836
35,44,-1625.7778
36,44,-5717.9785
37,44,-3928.5695
38,44,-7945.965
39,44,-6294.0125
40,44,-10227.8497
41,44,-8769.9238
42,44,-12541
43,44,-11960
44,44,-17479
24,45,15730
25,45,16440
26,45,12440
27,45,13926
28,45,8879.2856
29,45,9750.5077
30,45,5901.7231
31,45,6916.2501
32,45,2703.4642
33,45,4208.9819
34,45,150.6016
35,45,2004.4299
36,45,-2239.4954
37,45,-177.7503
38,45,-4591.9435
39,45,-2472.7471
40,45,-6895.512
41,45,-5023.1337
42,45,-9194.7656
43,45,-7331
44,45,-12719
45,45,-11924
24,46,14810
25,46,15310
26,46,11050
27,46,12139
28,46,7306
29,46,8088.6967
30,46,3993.6241
31,46,5220.5176
32,46,954.9114
33,46,2281.3849
34,46,-1870.4623
35,46,-280.8517
36,46,-4403.9824
37,46,-2273.0239
38,46,-6755.1411
39,46,-4666.9352
40,46,-8834.9627
41,46,-6989.6757
42,46,-11016.2515
43,46,-9025.4327
44,46,-13250
45,46,-12400
46,46,-17249
25,47,18080
26,47,13980
27,47,15160
28,47,10230
29,47,11321.3964
30,47,7203.1495
31,47,8157.9729
32,47,4108.9014
33,47,5544.8861
34,47,1588.0317
35,47,3093.1185
36,47,-920.0039
37,47,890.6058
38,47,-3261.1584
39,47,-1314.0763
40,47,-5472.6536
41,47,-3485.0021
42,47,-7620.0875
43,47,-5840.8951
44,47,-9670
45,47,-8220
46,47,-12582
47,47,-11962
25,48,17289
26,48,12881
27,48,13680
28,48,8791
29,48,9926.375
30,48,6220.8433
31,48,6978.8242
32,48,2679.2869
33,48,3855.705
34,48,-95.2184
35,48,976.9222
36,48,-2680.3708
37,48,-1064.051
38,48,-5240
39,48,-3671.2405
40,48,-7457.3187
41,48,-5610.8105
42,48,-9447.8181
43,48,-7746.8246
44,48,-11302.1155
45,48,-10030
46,48,-13700
47,48,-12850
48,48,-17482
26,49,15861
27,49,16530
28,49,11513
29,49,12693.768
30,49,9116.0536
31,49,10311.6397
32,49,6241.6189
33,49,7488.4677
34,49,3673.178
35,49,4656.251
36,49,687
37,49,1776.0972
38,49,-1861.6894
39,49,-670.1549
40,49,-4252.2191
41,49,-2489.0165
42,49,-6222.1768
43,49,-4624.4922
44,49,-8204.9136
45,49,-6805.3428
46,49,-10060
47,49,-8940
48,49,-13344
26,50,15070
27,50,15440
28,50,9910
29,50,11024.2629
30,50,7575.0553
31,50,8663.7335
32,50,4690.3523
33,50,5671.2117
34,50,1835.3638
35,50,2904.8622
36,50,-518.6734
37,50,282.2749
38,50,-3622.6
39,50,-2833.2285
40,50,-6111.0165
41,50,-4429.1934
42,50,-7882.8841
43,50,-6389.3929
44,50,-9675.9789
45,50,-8374.7035
46,50,-11671.7741
47,50,-10170
48,50,-13730
49,50,-13400
27,51,19560
28,51,14248
29,51,14969
30,51,11428.2924
31,51,12484.3497
32,51,8692.8893
33,51,10094.1624
34,51,6161.8335
35,51,7633.4147
36,51,3888.2706
37,51,5312.6243
38,51,1502.1757
39,51,2275.635
40,51,-1257.5644
41,51,355.2968
42,51,-3200.9629
43,51,-1574.7296
44,51,-5117.1423
45,51,-3504.3127
46,51,-6901.8255
47,51,-5430
48,51,-8555
49,51,-7030
28,52,13440
29,52,14289
30,52,10616.7652
31,52,11719.3136
32,52,7705.1329
33,52,9224.4929
34,52,5129.086
35,52,6817.8455
36,52,2917.709
37,52,4496.6278
38,52,545.9674
39,52,1544.271
40,52,-2005.7335
41,52,-405.7609
42,52,-4255.7476
43,52,-2563.5961
44,52,-6392.6529
45,52,-4791.7118
46,52,-8254.5607
47,52,-6781.3511
48,52,-10016.4492
49,52,-8239.277
50,52,-13835
28,53,15820
29,53,16584
30,53,12967
31,53,14054.2989
32,53,10065.7253
33,53,11541.0256
34,53,7465.5526
35,53,8975.3282
36,53,5176.6042
37,53,6585.3721
38,53,2699.3714
39,53,3642.5294
40,53,90.8123
41,53,2045.0163
42,53,-1690.5175
43,53,258.7369
44,53,-3523
45,53,-1854.2331
46,53,-5470.3785
47,53,-3943.374
48,53,-7291.5642
49,53,-5760
50,53,-10422
51,53,-9668
28,54,15010
29,54,15900
30,54,12264
31,54,13379.3679
32,54,9562.2229
33,54,10808.2192
34,54,6831.764
35,54,8261.5231
36,54,4406.3133
37,54,5906.901
38,54,1949.1237
39,54,2894.8723
40,54,-900.2684
41,54,925.6009
42,54,-2973.2411
43,54,-1103.8722
44,54,-5049.6529
45,54,-3401.6603
46,54,-7074.703
47,54,-5497.9186
48,54,-8964.8059
49,54,-7540
50,54,-12332
51,54,-11203.9825
52,54,-14920
29,55,18110
30,55,14644
31,55,15640
32,55,12028
33,55,13434
34,55,9281.873
35,55,10958.9533
36,55,6771.0748
37,55,8094.9212
38,55,4141.3118
39,55,4917.8589
40,55,1126.3312
41,55,3192.059
42,55,-320.264
43,55,1792.6575
44,55,-2040.8632
45,55,-378.4577
46,55,-4097.7606
47,55,-2587
48,55,-6019.2293
49,55,-4555.6174
50,55,-9322.5103
51,55,-8253.5423
52,55,-11227
53,55,-10139
30,56,13699
31,56,14720
32,56,10930
33,56,12462
34,56,8200.0834
35,56,9866.6724
36,56,6003.121
37,56,7465.9434
38,56,3505.7517
39,56,4452.0031
40,56,163.9704
41,56,1941.9038
42,56,-1683.7664
43,56,297.5156
44,56,-3636.2612
45,56,-1980.2833
46,56,-5656.2615
47,56,-4151.0761
48,56,-7785.7166
49,56,-6302.5807
50,56,-10880.3964
51,56,-9996
52,56,-13011
53,56,-11502.9589
31,57,17129
32,57,13490
33,57,14810
34,57,10527.1716
35,57,12536.5161
36,57,8483.8977
37,57,10282.9297
38,57,6090.6528
39,57,7108.8741
40,57,2666.1038
41,57,4591.3681
42,57,1357.7631
43,57,3206.4401
44,57,-545.6846
45,57,1119.647
46,57,-2654.2778
47,57,-1148.0787
48,57,-4693.2673
49,57,-3254.4521
50,57,-7858.9903
51,57,-6663.6646
52,57,-10042.8941
53,57,-8545.2075
54,57,-11620
32,58,12520
33,58,14080
34,58,9509
35,58,11245.7673
36,58,7215.0114
37,58,9226.9772
38,58,5411.738
39,58,6821.2382
40,58,2242.8547
41,58,3634.7623
42,58,-172.0776
43,58,1613.52
44,58,-2323.1187
45,58,-574.7252
46,58,-4278.6529
47,58,-2736.9989
48,58,-6524.0031
49,58,-5054.4281
50,58,-9624.6079
51,58,-8535.5871
52,58,-11761.9766
53,58,-10434
54,58,-13612
55,58,-12055
33,59,16344
34,59,12030
35,59,13698
36,59,9731.3868
37,59,11563.897
38,59,7534.7807
39,59,8993.0098
40,59,4718.6736
41,59,6401.7829
42,59,2824.6411
43,59,4533.5134
44,59,764.5378
45,59,2435.7789
46,59,-1347.0564
47,59,189.7534
48,59,-3423.6586
49,59,-2049.8794
50,59,-6379.194
51,59,-5219.924
52,59,-8633.6922
53,59,-7036.991
54,59,-10439.0876
55,59,-8780.4915
34,60,10846
35,60,12309
36,60,8272.6693
37,60,10061.5295
38,60,5866.3591
39,60,6972.9398
40,60,3418.5098
41,60,4628.4637
42,60,1012.0557
43,60,2663.2474
44,60,-1136.4195
45,60,566.6347
46,60,-2965.1434
47,60,-1416.3741
48,60,-5132.5944
49,60,-3859.3453
50,60,-8392.248
51,60,-7249.2597
52,60,-10504.1795
53,60,-8915.8902
54,60,-12399.9706
55,60,-10779
56,60,-14330
34,61,13390
35,61,14872
36,61,11095.646
37,61,12053.2361
38,61,8125.2037
39,61,9051.4949
40,61,5730.5011
41,61,7262.6008
42,61,3649.5889
43,61,5596.7945
44,61,1916.7271
45,61,3544.8865
46,61,34.0458
47,61,1645.6311
48,61,-2014.8047
49,61,-627.9769
50,61,-5101.834
51,61,-4031.455
52,61,-7227.521
53,61,-5553.036
54,61,-8957
55,61,-7663
56,61,-11187
35,62,13423
36,62,10249
37,62,11397.3767
38,62,7503.7365
39,62,8106.2003
40,62,4716.838
41,62,5925.6639
42,62,2155.2212
43,62,3648.2396
44,62,39.4038
45,62,1508.9427
46,62,-1917.4238
47,62,-215.1002
48,62,-3878
49,62,-2453.4692
50,62,-7056.076
51,62,-6069.9281
52,62,-9250.7417
53,62,-7681.0475
54,62,-11004
55,62,-9035.1943
56,62,-12580
57,62,-11199
35,63,16070
36,63,12721
37,63,13551.6204
38,63,9729.8721
39,63,10408.7856
40,63,7219.674
41,63,8532.7512
42,63,4955.5157
43,63,6547
44,63,3001.1457
45,63,4493.0596
46,63,1112.9469
47,63,2890.6633
48,63,-860.1972
49,63,664.9224
50,63,-3911.1637
51,63,-2606.9398
52,63,-5724.9628
53,63,-4373.7764
54,63,-7692.2462
55,63,-6210
56,63,-9570
57,63,-7840
58,63,-11139
36,64,11796
37,64,12757.4969
38,64,9013.3301
39,64,9351.96
40,64,6093.3367
41,64,7415.2411
42,64,3648.2494
43,64,5112.5985
44,64,1369.7517
45,64,2607.2327
46,64,-873.5982
47,64,1036.8
48,64,-2584.7306
49,64,-1038.9941
50,64,-6063.1189
51,64,-4940.6447
52,64,-7843.1388
53,64,-6253.2213
54,64,-9669.6905
55,64,-7714.9651
56,64,-11319
57,64,-9500
58,64,-13094
36,65,13987
37,65,14906.9991
38,65,11177
39,65,11638
40,65,8457.2728
41,65,9925.3249
42,65,6204.9921
43,65,7738.5736
44,65,4260.7958
45,65,5502.2116
46,65,2229.5607
47,65,3991.1283
48,65,323.837
49,65,1989.9281
50,65,-3030.4336
51,65,-1558.2272
52,65,-4656.9321
53,65,-2891.9893
54,65,-6489.4269
55,65,-5000
56,65,-8555
57,65,-6669
58,65,-10056
59,65,-8321
37,66,14120
38,66,10320
39,66,10888
40,66,7453
41,66,8821.1703
42,66,5173.533
43,66,6455.6267
44,66,2756.0638
45,66,3682.0153
46,66,262.6897
47,66,2016.4615
48,66,-1445.1268
49,66,497.4892
50,66,-4703.9591
51,66,-3544.0634
52,66,-6719.7015
53,66,-4983.2433
54,66,-8283.7857
55,66,-6357.4948
56,66,-10066
57,66,-8365
58,66,-11765
59,66,-10001
60,66,-13631
37,67,16310
38,67,12380
39,67,12959
40,67,9704
41,67,11204.0998
42,67,7623.5438
43,67,9038.0654
44,67,5518.5456
45,67,6589.9874
46,67,3436.3252
47,67,5084.1233
48,67,1451.8768
49,67,3276.2204
50,67,-1758.1788
51,67,-305.4459
52,67,-3404.808
53,67,-1574.726
54,67,-5378.6549
55,67,-3535.817
56,67,-7004
57,67,-5343
58,67,-8587
59,67,-6943
60,67,-10600
61,67,-9070
38,68,11490
39,68,12050
40,68,8595
41,68,9969.4851
42,68,6498.7491
43,68,7760.65
44,68,4100.179
45,68,4823.5559
46,68,1440.4642
47,68,3101.893
48,68,-462.7305
49,68,1454.7073
50,68,-3656.6393
51,68,-2293
52,68,-5615
53,68,-3764.6525
54,68,-7210.2195
55,68,-5388.6934
56,68,-8831.1685
57,68,-7102
58,68,-10497
59,68,-8633
60,68,-12311
61,68,-10850
62,68,-14187
38,69,13720
39,69,14170
40,69,10960
41,69,12225.9002
42,69,9084.862
43,69,10371.9409
44,69,6899.1276
45,69,7780.0712
46,69,4556.7647
47,69,6169.8248
48,69,2524.6381
49,69,4424.6664
50,69,-589.4452
51,69,945.0271
52,69,-2297.4615
53,69,-724.2937
54,69,-4204.6012
55,69,-2651.2748
56,69,-5909.4836
57,69,-4152.9106
58,69,-7436
59,69,-5800
60,69,-9195
61,69,-7770
62,69,-10816
39,70,13250
40,70,10090
41,70,10980
42,70,7779
43,70,9056.2674
44,70,5489.0622
45,70,6196.5938
46,70,2711.6378
47,70,4236.479
48,70,526.5277
49,70,2366.3263
50,70,-2680.6076
51,70,-1056.0462
52,70,-4234
53,70,-2694.3302
54,70,-5926.3445
55,70,-4420.7663
56,70,-7696.4376
57,70,-5916.7727
58,70,-9203.1617
59,70,-7399
60,70,-11127
61,70,-9490
62,70,-12939
63,70,-11176
40,71,12480
41,71,13410
42,71,10162
43,71,11620.919
44,71,8123.9327
45,71,9095.2839
46,71,5758.0284
47,71,7147.8469
48,71,3721.7197
49,71,5370
50,71,402.5306
51,71,1979.0772
52,71,-1228.3898
53,71,302.8501
54,71,-3109.6184
55,71,-1680.7697
56,71,-4921.8386
57,71,-3091.5136
58,71,-6513.9383
59,71,-4579.225
60,71,-7998
61,71,-6488
62,71,-9995
63,71,-8271
64,71,-11197
40,72,11650
41,72,12440
42,72,8920
43,72,10309
44,72,6666.8252
45,72,7527.1313
46,72,4165.4444
47,72,5331.1799
48,72,1770.3754
49,72,3362.0331
50,72,-1605.7483
51,72,-51.9128
52,72,-3159.587
53,72,-1636.6632
54,72,-4795.7039
55,72,-3422.0719
56,72,-6743.7167
57,72,-5036.037
58,72,-8247.4488
59,72,-6532.6235
60,72,-9798
61,72,-8177
62,72,-11576
63,72,-9898
64,72,-13190
40,73,13870
41,73,14720
42,73,11247
43,73,12855
44,73,9406.8875
45,73,10501.5182
46,73,7238.4816
47,73,8305.8535
48,73,4760.7564
49,73,6368.5921
50,73,1408.2079
51,73,2905.073
52,73,-185.77
53,73,1235.8904
54,73,-2080.8562
55,73,-562.6171
56,73,-3737.3247
57,73,-2204.4611
58,73,-5407.7842
59,73,-3801.6487
60,73,-6924.7272
61,73,-5388
62,73,-8709
63,73,-7154
64,73,-10246
65,73,-8669
41,74,13670
42,74,10003
43,74,11350
44,74,7887
45,74,8584.4751
46,74,5371.9076
47,74,6671.0057
48,74,2958.9765
49,74,4385.6489
50,74,-612.4067
51,74,766.7
52,74,-2153.6712
53,74,-662.3336
54,74,-3928.7617
55,74,-2438.1843
56,74,-5629.4021
57,74,-4060.8167
58,74,-7241.224
59,74,-5605.2112
60,74,-8882.5343
61,74,-7205.1069
62,74,-10567
63,74,-8932
64,74,-12059
65,74,-10430
66,74,-13513
41,75,15980
42,75,12450
43,75,13710
44,75,10743
45,75,11660
46,75,8220.4934
47,75,9506.2662
48,75,6014.8503
49,75,7363.697
50,75,2361.4366
51,75,3671.0321
52,75,702.7199
53,75,2122.5041
54,75,-1197.0197
55,75,357.0219
56,75,-2909.6936
57,75,-1254.8898
58,75,-4480.6319
59,75,-2881.5569
60,75,-6151.2907
61,75,-4359.0237
62,75,-7845.7518
63,75,-6090
64,75,-9501
65,75,-7652
66,75,-11018
67,75,-9321
42,76,10920
43,76,11910
44,76,8899
45,76,9932.203
46,76,6489.9492
47,76,7845.6026
48,76,4168.342
49,76,5481.3495
50,76,378
51,76,1582.203
52,76,-1255.7634
53,76,188.8936
54,76,-2980.7199
55,76,-1376.6158
56,76,-4711.3256
57,76,-3076.1685
58,76,-6304.8987
59,76,-4722.2522
60,76,-8029.3747
61,76,-6081.2029
62,76,-9748.0968
63,76,-7767
64,76,-11300
65,76,-9158
66,76,-12869
67,76,-10887
68,76,-14448
42,77,13590
43,77,14720
44,77,11630
45,77,12737
46,77,9138.8323
47,77,10469.4858
48,77,7064.2177
49,77,8205.7585
50,77,3228.716
51,77,4363.9419
52,77,1502.2919
53,77,2944.2864
54,77,-358.0009
55,77,1282.2099
56,77,-2059.1203
57,77,-385.7605
58,77,-3680.4357
59,77,-2141.1234
60,77,-5511.1108
61,77,-3416.5976
62,77,-6982.1777
63,77,-5203.6675
64,77,-8683.388
65,77,-6440
66,77,-10121
67,77,-8002
68,77,-11657
43,78,13080
44,78,10099
45,78,11239
46,78,7830
47,78,8828.1511
48,78,5553.65
49,78,6589.681
50,78,1268.4219
51,78,2375.5
52,78,-416.7716
53,78,970.8477
54,78,-2126.2813
55,78,-517.431
56,78,-3731.3434
57,78,-2027.1499
58,78,-5168.129
59,78,-3617.8447
60,78,-7102.8119
61,78,-5120.7993
62,78,-8470
63,78,-6701.4161
64,78,-10400
65,78,-8250.2433
66,78,-11960.5706
67,78,-9880
68,78,-13267
43,79,15475
44,79,12640
45,79,13690
46,79,10560
47,79,11535
48,79,8138.6978
49,79,9171.3131
50,79,4038.7874
51,79,5067.2728
52,79,2231.7057
53,79,3575.4729
54,79,427.36
55,79,2058.8368
56,79,-1207.1973
57,79,471.0621
58,79,-2716.9515
59,79,-1111.6847
60,79,-4515.9014
61,79,-2756.101
62,79,-6008.3127
63,79,-4349.4074
64,79,-7812.1185
65,79,-5798.0965
66,79,-9122.4943
67,79,-6916.2074
68,79,-10633.4071
69,79,-8535
44,80,11120
45,80,12130
46,80,8930
47,80,10092
48,80,6951.8716
49,80,7755.7081
50,80,2153.4702
51,80,3229.6099
52,80,515.3046
53,80,1786.2812
54,80,-1234.6691
55,80,268.6983
56,80,-2849.5915
57,80,-1222.1
58,80,-4437
59,80,-2811.7226
60,80,-6045.2
61,80,-4588.9724
62,80,-7673
63,80,-6010
64,80,-9391.3235
65,80,-8157.0853
66,80,-11316.7007
67,80,-9149.2869
68,80,-12713.963
69,80,-10611
70,80,-14059
44,81,13460
45,81,14590
46,81,11429
47,81,12528
48,81,9712.7471
49,81,10225.687
50,81,4716.8328
51,81,5552.9155
52,81,2920.169
53,81,4082.3946
54,81,1168.5917
55,81,2548.2241
56,81,-580.5356
57,81,1052.4585
58,81,-2129.089
59,81,-428.9806
60,81,-3668.5879
61,81,-2159.6062
62,81,-5275.824
63,81,-3859.6633
64,81,-6526.9329
65,81,-5208.7165
66,81,-8438.946
67,81,-6512.1694
68,81,-9801
69,81,-7661
70,81,-11242
45,82,13490
46,82,10320
47,82,11252
48,82,8788.9322
49,82,9240.2095
50,82,3088.728
51,82,4013.6198
52,82,1509.6875
53,82,2634.1851
54,82,-90.3151
55,82,1175.6285
56,82,-1748.3977
57,82,-264.6396
58,82,-3388
59,82,-1823.0137
60,82,-4808.5196
61,82,-3443.5291
62,82,-6346.4515
63,82,-5064.8984
64,82,-8322.1791
65,82,-6546.6266
66,82,-9868.2304
67,82,-7904.2328
68,82,-11340
69,82,-9229.2615
70,82,-12848
71,82,-11075
45,83,17050
46,83,13990
47,83,15220
48,83,12812.6089
49,83,14135
50,83,8049.6228
51,83,8514.7483
52,83,6050.3894
53,83,6883.9455
54,83,4162.3582
55,83,5374.7776
56,83,2308.4632
57,83,3762.1676
58,83,583.4758
59,83,2163.6885
60,83,-1041.6463
61,83,549.5096
62,83,-2659.8832
63,83,-1031.7798
64,83,-4614.2543
65,83,-2677.5501
66,83,-6048.1366
67,83,-4114.5689
68,83,-7494.6768
69,83,-5449.8923
70,83,-8784
71,83,-6937
72,83,-10322
46,84,13168
47,84,14462
48,84,11946.1243
49,84,13184
50,84,7585.2453
51,84,8038.4581
52,84,5119.9455
53,84,6027.1455
54,84,2914.7839
55,84,4212.8293
56,84,1044.1542
57,84,2501.2141
58,84,-746.5288
59,84,934.1107
60,84,-2331.9117
61,84,-616.099
62,84,-3878.7573
63,84,-2187.6833
64,84,-5732.4723
65,84,-3794.6493
66,84,-7363.7264
67,84,-5356.4558
68,84,-8779.9397
69,84,-6813
70,84,-10265
71,84,-8235
72,84,-11819
73,84,-9906
46,85,15010
47,85,16065
48,85,13550
49,85,14464
50,85,9058.08
51,85,9918.3897
52,85,7052.5063
53,85,7992.3346
54,85,5056.5023
55,85,6218.1669
56,85,3197.3515
57,85,4508.9455
58,85,1461.8214
59,85,2997.44
60,85,-164.4982
61,85,1542
62,85,-1721.4367
63,85,-28.063
64,85,-3638.5336
65,85,-1796.1707
66,85,-5129.6421
67,85,-3104.4174
68,85,-6494.0723
69,85,-4495.0495
70,85,-7957.5578
71,85,-5880.0352
72,85,-9259
73,85,-7426
74,85,-10629
47,86,15059
48,86,12510
49,86,13522
50,86,8337
51,86,9243.3698
52,86,6283.9149
53,86,7173.6224
54,86,4063.2768
55,86,5255.141
56,86,2181.6932
57,86,3434.9108
58,86,318.6462
59,86,1806.014
60,86,-1471.556
61,86,224.0638
62,86,-3038.5844
63,86,-1314.1437
64,86,-4658.2621
65,86,-2871.1525
66,86,-6513.3275
67,86,-4545.3918
68,86,-8177.8316
69,86,-6123.3072
70,86,-9565.988
71,86,-7585
72,86,-10984
73,86,-9005
74,86,-12451
75,86,-10647
48,87,14290
49,87,15200
50,87,9911
51,87,11046
52,87,8265.8835
53,87,9380.2388
54,87,6280.0423
55,87,7327.7007
56,87,4234.2623
57,87,5582.2823
58,87,2558.9318
59,87,4252.43
60,87,895.1896
61,87,2470.1898
62,87,-694.5812
63,87,971.6815
64,87,-2565.3796
65,87,-599.3405
66,87,-4131.1229
67,87,-2034.4045
68,87,-5583.2509
69,87,-3568.8794
70,87,-6980.0942
71,87,-5109.801
72,87,-8413.4492
73,87,-6494.6267
74,87,-9664
75,87,-7953
76,87,-11026
49,88,14320
50,88,9140
51,88,10155
52,88,7238.7734
53,88,8270.643
54,88,5284.9078
55,88,6261.6865
56,88,3082.53
57,88,4231.7331
58,88,1047.6178
59,88,2702.7013
60,88,-542.1891
61,88,1071.4936
62,88,-2258.9662
63,88,-464.1779
64,88,-3990
65,88,-2170.4134
66,88,-5754.6363
67,88,-3830.6268
68,88,-7377.2657
69,88,-5289.3667
70,88,-8797.4201
71,88,-6856.003
72,88,-10115.0475
73,88,-8272
74,88,-11546
75,88,-9666
76,88,-12941
77,88,-11277
50,89,10740
51,89,11977
52,89,9257
53,89,10426.6792
54,89,7472.6365
55,89,8495.7679
56,89,5319.1425
57,89,6404.6947
58,89,3430.1913
59,89,4872.6133
60,89,1688.8697
61,89,3454
62,89,76.6182
63,89,1818.8037
64,89,-1569.334
65,89,237.308
66,89,-3116.1405
67,89,-1326.7201
68,89,-4704.369
69,89,-2693.5796
70,89,-6124.9081
71,89,-4331.1951
72,89,-7537.2421
73,89,-5782.188
74,89,-8906.1859
75,89,-7047.718
76,89,-10151
77,89,-8523
50,90,9900
51,90,11129
52,90,8253
53,90,9413
54,90,6399.0606
55,90,7461.7591
56,90,4354.9052
57,90,5335.5046
58,90,2137.0282
59,90,3336.1617
60,90,-82.6155
61,90,1190.2198
62,90,-1874.4774
63,90,-484.5225
64,90,-3549.6514
65,90,-2094.5
66,90,-4990.9836
67,90,-3419.2146
68,90,-6600.6151
69,90,-4736.8869
70,90,-7893.2846
71,90,-6246.5319
72,90,-9387.0211
73,90,-7626.1952
74,90,-10763.1138
75,90,-8913
76,90,-12126
77,90,-10319
78,90,-13540
51,91,12939
52,91,10259
53,91,11542
54,91,8561.0867
55,91,9555.8882
56,91,6414.3615
57,91,7689.6824
58,91,4369.4525
59,91,5379.4422
60,91,2443.0767
61,91,3508.5089
62,91,807.4073
63,91,1967.9913
64,91,-819.8588
65,91,438.3762
66,91,-2591.8068
67,91,-883.5812
68,91,-3990.7162
69,91,-2137.8101
70,91,-5271.8989
71,91,-3663.3333
72,91,-6734.6864
73,91,-5047.25
74,91,-8201.9627
75,91,-6405.809
76,91,-9426.4121
77,91,-7656.1526
78,91,-10676
79,91,-9119
52,92,9110
53,92,10363
54,92,7355.4298
55,92,8343.9631
56,92,5163.8307
57,92,6450
58,92,3453.6462
59,92,4163.5021
60,92,1104.805
61,92,1912.0559
62,92,-717.1969
63,92,251.9612
64,92,-2444.323
65,92,-1339.1791
66,92,-4219.7555
67,92,-2768.5
68,92,-5763.1395
69,92,-4064.4665
70,92,-6989.4042
71,92,-5522.0944
72,92,-8535.5511
73,92,-6986.5555
74,92,-10050.1358
75,92,-8335
76,92,-11328.7644
77,92,-9629
78,92,-12596
79,92,-10901
52,93,11120
53,93,12415
54,93,9520
55,93,10633.9614
56,93,7389.301
57,93,8535.7155
58,93,5554.6233
59,93,6391.5934
60,93,3317.6236
61,93,4188.9614
62,93,1627.1314
63,93,2452.4891
64,93,-60.0473
65,93,936.2686
66,93,-1837.6
67,93,-318.2488
68,93,-3302.5839
69,93,-1656.319
70,93,-4502.4636
71,93,-2824.0194
72,93,-5787.641
73,93,-4210.3092
74,93,-7259
75,93,-5799.8944
76,93,-8629.5684
77,93,-6883
78,93,-9904.2655
79,93,-8256.6495
53,94,11199
54,94,8261
55,94,9531
56,94,6421.3477
57,94,7914.7191
58,94,4778
59,94,5761.8901
60,94,2687
61,94,3251.1999
62,94,722.109
63,94,1364.7614
64,94,-1219.0862
65,94,-365.3613
66,94,-3290
67,94,-1994.9954
68,94,-4856.7282
69,94,-3434.5345
70,94,-6369.7952
71,94,-4806.735
72,94,-7761.2089
73,94,-6257.8523
74,94,-9098.0411
75,94,-7686.2626
76,94,-10743
77,94,-8945.4613
78,94,-11788.6592
79,94,-10171
54,95,10300
55,95,11720
56,95,8370
57,95,9690
58,95,6659
59,95,7720
60,95,4656.2095
61,95,5193.8878
62,95,2781.4807
63,95,3419.5081
64,95,970.7242
65,95,1835.9516
66,95,-859.2003
67,95,293.6478
68,95,-2439
69,95,-896.7722
70,95,-3853.1403
71,95,-2161.9978
72,95,-5116.6971
73,95,-3500.9828
74,95,-6508.6195
75,95,-4978.3046
76,95,-7885.2079
77,95,-6272.7035
78,95,-9104.7415
79,95,-7417
54,96,9180
55,96,10660
56,96,7680
57,96,8850
58,96,5640
59,96,6868.4609
60,96,3964.7175
61,96,4380.5376
62,96,2018.6123
63,96,2518.4717
64,96,-105.5863
65,96,593.7166
66,96,-2140.6068
67,96,-1210.6141
68,96,-4033.6302
69,96,-2634.6364
70,96,-5572.7197
71,96,-4058.5198
72,96,-6966.6444
73,96,-5372.5686
74,96,-8386.8083
75,96,-6953.0469
76,96,-9864.2673
77,96,-8331.6974
78,96,-11259
79,96,-9434.2436
80,96,-12369.3668
55,97,12480
56,97,9590
57,97,10690
58,97,7635
59,97,8752.8229
60,97,5802.9994
61,97,6145.7062
62,97,3835.5363
63,97,4448.6112
64,97,1955.6357
65,97,2301.6217
66,97,-2.8309
67,97,962.0559
68,97,-1591.3282
69,97,-292.7714
70,97,-3063.619
71,97,-1712.274
72,97,-4426.46
73,97,-2846.8656
74,97,-5835.8106
75,97,-4323.1979
76,97,-7169.7944
77,97,-5468.3293
78,97,-8304.998
79,97,-6736.3283
80,97,-9435.7198
81,97,-8187
56,98,8610
57,98,9850
58,98,6630
59,98,8059.3109
60,98,5271.0196
61,98,5653.4982
62,98,3260.2763
63,98,3714.5406
64,98,1598.8278
65,98,1785.1041
66,98,-987.1315
67,98,-376.6648
68,98,-3037.6667
69,98,-1953.2162
70,98,-4507.0351
71,98,-3365.6321
72,98,-6116.1903
73,98,-4634.1832
74,98,-7530.3525
75,98,-6115.6196
76,98,-9209.4466
77,98,-7685.8265
78,98,-10412.9516
79,98,-8769.9135
80,98,-11702
81,98,-10321.2401
57,99,11769
58,99,8504
59,99,9685
60,99,6830.3441
61,99,7338.5338
62,99,5119.5577
63,99,5557.7761
64,99,3207.1628
65,99,3862.6653
66,99,1285.7287
67,99,1853.8057
68,99,-746.1392
69,99,267.488
70,99,-2293
71,99,-1052.3734
72,99,-3711.0725
73,99,-2232.7914
74,99,-5173.5182
75,99,-3677.7177
76,99,-6710.8496
77,99,-4948.0041
78,99,-7824.7003
79,99,-5987.6832
80,99,-8663.2918
81,99,-7449.3696
57,100,10860
58,100,7610
59,100,8954
60,100,6170.1238
61,100,6585.4546
62,100,4343.8905
63,100,4814.772
64,100,2411.2959
65,100,3023.4392
66,100,485.8684
67,100,1009.7971
68,100,-1676.8526
69,100,-899.127
70,100,-3457.695
71,100,-2397.1144
72,100,-5072.249
73,100,-3669.1553
74,100,-6553.9925
75,100,-5182.9513
76,100,-8249.2618
77,100,-6676.988
78,100,-9694.4567
79,100,-8055.648
80,100,-10860.075
81,100,-9688.1182
58,101,9430
59,101,10525
60,101,7856
61,101,8339
62,101,5974.2073
63,101,6461.5416
64,101,4063.0674
65,101,4775.693
66,101,2368.0076
67,101,2930
68,101,353.491
69,101,968.6148
70,101,-1478.3526
71,101,-333.8443
72,101,-3015.2464
73,101,-1513.6779
74,101,-4344.4885
75,101,-2931.7058
76,101,-5909.0234
77,101,-4256.8282
78,101,-7279.5556
79,101,-5375.133
80,101,-7862.378
81,101,-6502.6567
59,102,9741
60,102,7030
61,102,7640
62,102,5306.8315
63,102,5796.6788
64,102,3437.8515
65,102,4028.3686
66,102,1500.8333
67,102,2125.1534
68,102,-312.1997
69,102,96.5468
70,102,-2519.3805
71,102,-1469.2244
72,102,-4103.8117
73,102,-2775.8524
74,102,-5578.7182
75,102,-4312.7271
76,102,-7289.9295
77,102,-5813.592
78,102,-8804.229
79,102,-7210.0126
80,102,-10249.6721
81,102,-9007.2534
82,102,-12306
60,103,8880
61,103,9565
62,103,7219
63,103,7622
64,103,5107.3505
65,103,5777.2167
66,103,3200
67,103,3870
68,103,1492.449
69,103,1881.9024
70,103,-670.2201
71,103,274.2911
72,103,-2073.1103
73,103,-723.7709
74,103,-3432.5558
75,103,-2109.2143
76,103,-4938.4182
77,103,-3547.6546
78,103,-6510.3575
79,103,-4727.0905
80,103,-7217.3941
81,103,-5831.7688
82,103,-9305
83,103,-7247.0279
61,104,8840
62,104,6299
63,104,7006
64,104,4631
65,104,5116
66,104,2528
67,104,3200
68,104,890.9756
69,104,1295.1669
70,104,-1374.2287
71,104,-683.9154
72,104,-3211.0484
73,104,-2013.0144
74,104,-4753.6082
75,104,-3564.1747
76,104,-6378.6679
77,104,-5081.5379
78,104,-7864.4447
79,104,-6386.8322
80,104,-9461.4321
81,104,-8216.5333
82,104,-11535.3999
83,104,-9207.0832
62,105,8440
63,105,8899
64,105,6590
65,105,7000
66,105,4508
67,105,4999
68,105,2602
69,105,3080
70,105,470.1219
71,105,1194.0947
72,105,-1166
73,105,-191
74,105,-2710.9347
75,105,-1481.1659
76,105,-4086.9327
77,105,-2883.262
78,105,-5581.7092
79,105,-3973.9269
80,105,-6425.9062
81,105,-5202.0427
82,105,-8603.6798
83,105,-6650.4226
62,106,7610
63,106,8230
64,106,5860
65,106,6240
66,106,3724
67,106,4304
68,106,1915
69,106,2385
70,106,-108.9895
71,106,496.8425
72,106,-1837
73,106,-1062.2093
74,106,-3798.8793
75,106,-2967.4438
76,106,-5557.4266
77,106,-4428.9417
78,106,-7013.7724
79,106,-5674.4989
80,106,-8656.119
81,106,-7457.637
82,106,-10616.2241
83,106,-8642.6682
63,107,9989
64,107,7560
65,107,8070
66,107,5610
67,107,6080
68,107,3659
69,107,4120
70,107,1397.4983
71,107,2097.4851
72,107,-105.5801
73,107,702.6122
74,107,-1716.5331
75,107,-837.0348
76,107,-3461.6215
77,107,-2278.3688
78,107,-4829.9942
79,107,-3175.7972
80,107,-5673.917
81,107,-4525.3784
82,107,-7779.3555
83,107,-6033.1975
84,107,-8932.644
64,108,6720
65,108,7230
66,108,4739
67,108,5352
68,108,2741
69,108,3417
70,108,660.7415
71,108,1404.0231
72,108,-845.8453
73,108,-205.1193
74,108,-2800
75,108,-2145.9028
76,108,-4641.7101
77,108,-3647.4137
78,108,-6149.5913
79,108,-4910.2713
80,108,-7861.9485
81,108,-6772.0862
82,108,-9820.7014
83,108,-8170.6205
84,108,-10992.2252
85,108,-9110.2435
65,109,9160
66,109,6570
67,109,7241
68,109,4711
69,109,5437
70,109,2419
71,109,3103
72,109,1036.1061
73,109,1815.4592
74,109,-556
75,109,32.746
76,109,-2470.3505
77,109,-1307.903
78,109,-3656.5811
79,109,-2172.9634
80,109,-5010.2727
81,109,-3949.6288
82,109,-7051.8922
83,109,-5468.0534
84,109,-8257.9789
85,109,-6441.1134
66,110,5780
67,110,6578
68,110,3980
69,110,4739
70,110,1956
71,110,2605.5435
72,110,381.0486
73,110,1072.1161
74,110,-1485.6333
75,110,-1013.1393
76,110,-3827.6813
77,110,-2864.0151
78,110,-5449.6549
79,110,-3955.58
80,110,-7004.3892
81,110,-5991.7073
82,110,-9017.3089
83,110,-7559.2614
84,110,-10288.1273
85,110,-8520.5842
67,111,8130
68,111,5821
69,111,6550
70,111,3709
71,111,4280
72,111,2010
73,111,2866
74,111,431.1764
75,111,1072.7114
76,111,-1669.6385
77,111,-523.986
78,111,-2887.4471
79,111,-1462.915
80,111,-4308.8981
81,111,-3320.4029
82,111,-6344.6913
83,111,-5018.4029
84,111,-7646.3554
85,111,-5888.3439
86,111,-8743.5996
68,112,4990
69,112,5649
70,112,2870
71,112,3567.4325
72,112,1340
73,112,1993.5
74,112,-581.2819
75,112,2.4667
76,112,-2792.3457
77,112,-1980.247
78,112,-4472.9637
79,112,-3206.0616
80,112,-6139.2324
81,112,-5247.9637
82,112,-8184.8462
83,112,-6908.9121
84,112,-9555.5564
85,112,-7865.6231
86,112,-10808.0177
69,113,7410
70,113,4716
71,113,5199
72,113,3074.5667
73,113,3901
74,113,1312.5048
75,113,2120.4209
76,113,-537.1494
77,113,552.8893
78,113,-1900.4257
79,113,-760.7028
80,113,-3584.9466
81,113,-2729.6315
82,113,-5712.4729
83,113,-4540.3012
84,113,-7037.8235
85,113,-5478.4271
86,113,-8331.2349
70,114,3700
71,114,4359
72,114,2183.3883
73,114,3008.4937
74,114,349
75,114,1007.7049
76,114,-1954.2108
77,114,-1010.4903
78,114,-3516.3415
79,114,-2342.6641
80,114,-5246.4542
81,114,-4417.2524
82,114,-7339.202
83,114,-6294.1172
84,114,-8764.5316
85,114,-7263.5308
86,114,-10134.0327
87,114,-8348.2439
70,115,5480
71,115,6104
72,115,3896
73,115,4758
74,115,2170
75,115,3124.8105
76,115,313.5873
77,115,1452.8946
78,115,-1074.8477
79,115,-27.9978
80,115,-2858.0499
81,115,-2148.3639
82,115,-5058.1894
83,115,-3900.5727
84,115,-6415.4515
85,115,-4987.4394
86,115,-7695.9856
87,115,-5973.362
71,116,5230
72,116,3080
73,116,3850
74,116,1214.1824
75,116,2044.8311
76,116,-1046.6722
77,116,-56.6276
78,116,-2548.1518
79,116,-1553.719
80,116,-4329.3455
81,116,-3608.8367
82,116,-6693.5916
83,116,-5558.7875
84,116,-7953.7897
85,116,-6682.0288
86,116,-9376.0984
87,116,-7724.9182
71,117,7009
72,117,4809
73,117,5649
74,117,3174.2318
75,117,4293.475
76,117,1141.9038
77,117,2228.3252
78,117,-226.8175
79,117,687.2263
80,117,-2186.0092
81,117,-1461.3103
82,117,-4434.1181
83,117,-3428.8901
84,117,-5731.7247
85,117,-4320.5458
86,117,-7060.4572
87,117,-5453.7889
88,117,-8302.8357
72,118,3920
73,118,4657
74,118,1969
75,118,3162.7597
76,118,96.6
77,118,1101.5601
78,118,-1505.8204
79,118,-599.5206
80,118,-3425.5625
81,118,-2827.6624
82,118,-5880.2841
83,118,-4907.8397
84,118,-7346.4628
85,118,-5978.5623
86,118,-8577.4239
87,118,-7113.6693
88,118,-9919.1406
73,119,6520
74,119,4042
75,119,5175
76,119,2180.722
77,119,3209.0164
78,119,719.9769
79,119,1373.5226
80,119,-1486.6695
81,119,-796.3695
82,119,-3842.0269
83,119,-2809.285
84,119,-5148.2116
85,119,-3905.136
86,119,-6399.9479
87,119,-4812.4721
88,119,-7632.2404
89,119,-5927.1868
73,120,5380
74,120,2850
75,120,3951
76,120,1158.3989
77,120,2155.6519
78,120,-323.2251
79,120,452.3142
80,120,-2456.0403
81,120,-1909.7458
82,120,-5189.7539
83,120,-4214.0744
84,120,-6465.7939
85,120,-5274.7547
86,120,-7886.0592
87,120,-6363.0084
88,120,-9032.9208
89,120,-7550
73,121,7280
74,121,4820
75,121,5918
76,121,3185
77,121,4194
78,121,1705.0525
79,121,2263.1737
80,121,-481.7508
81,121,-39.811
82,121,-3261.5896
83,121,-2304.8814
84,121,-4536.8793
85,121,-3306.4697
86,121,-5785.7211
87,121,-4392.8615
88,121,-6986.6464
89,121,-5295.442
90,121,-8175.8296
74,122,3620
75,122,4729
76,122,2110
77,122,2990.1656
78,122,640.9158
79,122,1261.8237
80,122,-1364.8906
81,122,-974.8265
82,122,-4463.8883
83,122,-3544.171
84,122,-5749.2803
85,122,-4592.74
86,122,-6990.4614
87,122,-5640.3845
88,122,-8321.2403
89,122,-6732.9111
90,122,-9485.6366
74,123,5480
75,123,6610
76,123,4128
77,123,5030
78,123,2660
79,123,2992.3278
80,123,492.1062
81,123,763.7453
82,123,-2704.5927
83,123,-1839.5323
84,123,-3918.2186
85,123,-2814.5118
86,123,-5158.9051
87,123,-3786.3467
88,123,-6311.6152
89,123,-4811.2864
90,123,-7534.0866
75,124,5541
76,124,3020
77,124,3901
78,124,1660.854
79,124,2125.7592
80,124,-344.0781
81,124,-50.6402
82,124,-3757.3057
83,124,-2908.8541
84,124,-4999.3061
85,124,-3942.7237
86,124,-6261.2558
87,124,-4972.1844
88,124,-7498.3626
89,124,-5979.0781
90,124,-8764.963
91,124,-7084.7747
76,125,5000
77,125,6052
78,125,3633
79,125,4300
80,125,1533.0836
81,125,1532.2128
82,125,-2397.414
83,125,-1400.9438
84,125,-3482.2417
85,125,-2367.3352
86,125,-4615.0152
87,125,-3317.2355
88,125,-5795.4721
89,125,-4261.6599
90,125,-6883.1037
91,125,-5242.6308
76,126,4110
77,126,5140
78,126,2770
79,126,3717
80,126,1307.5659
81,126,1417.5323
82,126,-2878.368
83,126,-1892.5741
84,126,-3980.9605
85,126,-2891.8615
86,126,-5143.221
87,126,-3899.7568
88,126,-6340.5313
89,126,-4890.8833
90,126,-7525.2616
91,126,-5916
76,127,7100
77,127,8050
78,127,5750
79,127,6755
80,127,4546.9906
81,127,4998.3984
82,127,644.0152
83,127,1161.1549
84,127,-785.3012
85,127,31.0705
86,127,-2141.7493
87,127,-1051.0675
88,127,-3498.5554
89,127,-2148.8006
90,127,-4848.968
91,127,-3245.0869
92,127,-6140.9976
77,128,7220
78,128,4950
79,128,5847
80,128,3484.7131
81,128,3969.7809
82,128,63.4758
83,128,573.3763
84,128,-1741.2596
85,128,-883.5727
86,128,-3361.3369
87,128,-2213.8573
88,128,-4858.2701
89,128,-3503.459
90,128,-6282.8212
91,128,-4712.7298
92,128,-7462
93,128,-6019
78,129,6501
79,129,7355
80,129,5035
81,129,5481.4334
82,129,1366.1041
83,129,2251.4656
84,129,-73.9972
85,129,940.5125
86,129,-1487.1274
87,129,-320.4441
88,129,-2812.7853
89,129,-1515.9019
90,129,-4120.4434
91,129,-2735
92,129,-5390
93,129,-3785
94,129,-6579
78,130,5410
79,130,6380
80,130,3947
81,130,4415.0129
82,130,569.0133
83,130,1421.8481
84,130,-1090.8208
85,130,-87.5935
86,130,-2717.7096
87,130,-1574.8729
88,130,-4205.2887
89,130,-2893.2268
90,130,-5588.8595
91,130,-4145.059
92,130,-7001.8072
93,130,-5462
94,130,-7980
79,131,7980
80,131,5688
81,131,5998
82,131,2028.073
83,131,3269.1925
84,131,714.8128
85,131,2003.3657
86,131,-656.0967
87,131,413.8838
88,131,-2175.7005
89,131,-945.7825
90,131,-3435.0112
91,131,-2208.4729
92,131,-4613.3046
93,131,-3248
94,131,-6090
80,132,4571
81,132,4987.4088
82,132,1017.7611
83,132,2171.0426
84,132,-474.3423
85,132,736.032
86,132,-1842.0267
87,132,-776.9137
88,132,-3471.664
89,132,-2408.8773
90,132,-4861.322
91,132,-3707.6637
92,132,-6289.5572
93,132,-4682
94,132,-7340
80,133,6416
81,133,6648
82,133,2712.9729
83,133,4091.652
84,133,1488.8543
85,133,2882.8048
86,133,212.3984
87,133,1210.2406
88,133,-1567.1715
89,133,-581.2415
90,133,-2952.2124
91,133,-1880.3393
92,133,-4246.0969
93,133,-2813
94,133,-5410
80,134,5306
81,134,5688
82,134,1636
83,134,2846.5103
84,134,256.4334
85,134,1566.6838
86,134,-870.3384
87,134,313.3741
88,134,-2301.5922
89,134,-1560.3471
90,134,-3866.7705
91,134,-3015.361
92,134,-5488.0792
93,134,-4191
94,134,-6742
80,135,7079
81,135,7361
82,135,3530
83,135,4859.3866
84,135,2285.3395
85,135,3763.755
86,135,1194.1032
87,135,2057.898
88,135,-591.8099
89,135,238.5672
90,135,-2046.4473
91,135,-1295.1978
92,135,-3533.9848
93,135,-2283
94,135,-4785.4899
80,136,6050
81,136,6399
82,136,2414
83,136,3638
84,136,887.7139
85,136,2311.375
86,136,-6.1461
87,136,1149.0844
88,136,-1408.3152
89,136,-672.8878
90,136,-2835.9504
91,136,-2214.6629
92,136,-4605
93,136,-3593.5462
94,136,-5940
95,136,-4860
81,137,8081
82,137,4300
83,137,5696
84,137,2991.0276
85,137,4581.0714
86,137,2007.4091
87,137,2922.7819
88,137,355.7386
89,137,1111.5517
90,137,-1025.6117
91,137,-296.402
92,137,-2590.7577
93,137,-1695.5543
94,137,-4101
95,137,-2913
96,137,-5478
82,138,3171
83,138,4426
84,138,1533.2393
85,138,3038.2698
86,138,696.484
87,138,1827.5584
88,138,-641.6252
89,138,44.7559
90,138,-2152.6993
91,138,-1313.7716
92,138,-3621.5986
93,138,-2684.8905
94,138,-5059
95,138,-4008
96,138,-6673
83,139,6464
84,139,3651
85,139,5265.9197
86,139,2713.5412
87,139,3852.9638
88,139,1327.9489
89,139,2123.7545
90,139,-311.331
91,139,558.5262
92,139,-1817.7347
93,139,-1001
94,139,-3233
95,139,-2261
96,139,-4757
83,140,5161
84,140,2199
85,140,3765
86,140,1226.6542
87,140,2504.9813
88,140,45.5402
89,140,1104.4191
90,140,-1311.0313
91,140,-381.6138
92,140,-2750
93,140,-2103.3047
94,140,-4112
95,140,-3389
96,140,-5689
97,140,-4728
83,141,7159
84,141,4280
85,141,5913
86,141,3203.3894
87,141,4444.027
88,141,1872.0266
89,141,2975.8745
90,141,391.4727
91,141,1337.1034
92,141,-1029.4197
93,141,-395.1807
94,141,-2442.2558
95,141,-1812
96,141,-3963
97,141,-3061
98,141,-5429
84,142,2889
85,142,4544
86,142,1859.2451
87,142,3106.2907
88,142,677.9196
89,142,1947.0425
90,142,-499.8388
91,142,570.2993
92,142,-1809.8462
93,142,-1139.3021
94,142,-3139
95,142,-2677
96,142,-4771
97,142,-3952
98,142,-6237
99,142,-5327
84,143,4850
85,143,6637
86,143,3694.1465
87,143,4970.4627
88,143,2453.6351
89,143,3707.7131
90,143,1242.232
91,143,2193.9105
92,143,-124.2619
93,143,476.5854
94,143,-1478
95,143,-1023.7818
96,143,-3103
97,143,-2324
98,143,-4567
99,143,-3598
85,144,5527
86,144,2683
87,144,3864.0868
88,144,1342.5322
89,144,2576.395
90,144,274.0882
91,144,1370.1184
92,144,-933.5116
93,144,-220.063
94,144,-2258.2731
95,144,-1756.6021
96,144,-3940
97,144,-3346
98,144,-5414
99,144,-4569
100,144,-6634
86,145,4469
87,145,5575.8791
88,145,3026.0244
89,145,4228.2364
90,145,1728.8531
91,145,2889.373
92,145,518.5338
93,145,1291.4491
94,145,-802.1402
95,145,-214.1127
96,145,-2279
97,145,-1635
98,145,-3757
99,145,-2938
100,145,-5133
87,146,4585.9906
88,146,2089.4348
89,146,3339.4064
90,146,921.2477
91,146,2137.4905
92,146,-146.8652
93,146,722.7849
94,146,-1384.7902
95,146,-767.4346
96,146,-2948
97,146,-2300
98,146,-4547
99,146,-3877
100,146,-5924
88,147,3773
89,147,4965.7951
90,147,2427.4736
91,147,3586.3111
92,147,1261.6634
93,147,2190.9095
94,147,20.7799
95,147,664.3145
96,147,-1507.6936
97,147,-764.2709
98,147,-2930
99,147,-2372.3848
100,147,-4263
101,147,-3741
89,148,4065
90,148,1631
91,148,2765
92,148,399.2685
93,148,1360
94,148,-751.1373
95,148,-6.9302
96,148,-2261.9902
97,148,-1571.3755
98,148,-3728.5741
99,148,-3094
100,148,-5050
101,148,-4606
90,149,3162
91,149,4295
92,149,1882
93,149,2700
94,149,579.5559
95,149,1427.3
96,149,-809.2519
97,149,-123.3159
98,149,-2469.0006
99,149,-1599
100,149,-3661.8091
101,149,-3167
102,149,-4981
91,150,3543
92,150,1203
93,150,2051
94,150,-73.1143
95,150,895.8929
96,150,-1350
97,150,-619.8711
98,150,-3061
99,150,-2344
100,150,-4326.9476
101,150,-3882
102,150,-5666
103,150,-5118
92,151,2674
93,151,3434
94,151,1277.7559
95,151,2377
96,151,43.5841
97,151,893.1015
98,151,-1452
99,151,-847
100,151,-3007.9406
101,151,-2404.2523
102,151,-4164.7752
103,151,-3555
104,151,-5265
93,152,2672
94,152,401
95,152,1620
96,152,-738.3049
97,152,123.6
98,152,-2055
99,152,-1447.261
100,152,-3650.5075
101,152,-3186
102,152,-4922.5753
103,152,-4382
104,152,-6076
94,153,2057
95,153,3170
96,153,904.363
97,153,1781.6696
98,153,-376.566
99,153,477.9998
100,153,-1827
101,153,-1271
102,153,-3135.3716
103,153,-2475.3893
104,153,-4287.8969
105,153,-3788
95,154,2353
96,154,37.582
97,154,1093
98,154,-1260
99,154,-335.0623
100,154,-2550
101,154,-1969.8648
102,154,-3923.5573
103,154,-3201
104,154,-5163.3651
105,154,-4528
106,154,-6576
96,155,1420
97,155,2500
98,155,291.0753
99,155,1091.63
100,155,-1041.6037
101,155,-367
102,155,-2418
103,155,-1562
104,155,-3624
105,155,-2875
106,155,-5074.4052
96,156,521
97,156,1627
98,156,-652.7561
99,156,288.7717
100,156,-1971
101,156,-1254.5923
102,156,-3304
103,156,-2516
104,156,-4525
105,156,-3697
106,156,-5883.0463
107,156,-5182
97,157,3052
98,157,720
99,157,1700
100,157,-402.3347
101,157,213
102,157,-1771
103,157,-871
104,157,-2990
105,157,-2116
106,157,-4301
107,157,-3605
108,157,-5724
98,158,-144
99,158,813
100,158,-1264
101,158,-515
102,158,-2667
103,158,-1761
104,158,-3861
105,158,-3085
106,158,-5175
107,158,-4505
108,158,-6533.0066
109,158,-6089
99,159,2276
100,159,140
101,159,940
102,159,-1102
103,159,-287
104,159,-2353
105,159,-1521
106,159,-3601
107,159,-3036
108,159,-5133
109,159,-4497
100,160,-784
101,160,123
102,160,-2004
103,160,-1087
104,160,-3187
105,160,-2412
106,160,-4487
107,160,-3893
108,160,-6183
109,160,-5535
101,161,1566
102,161,-540
103,161,300
104,161,-1692
105,161,-877
106,161,-2958
107,161,-2261
108,161,-4807
109,161,-3973
102,162,-1364
103,162,-457
104,162,-2604
105,162,-1792
106,162,-3907
107,162,-3016
108,162,-5597
109,162,-4853
110,162,-6690
103,163,1526
104,163,-570
105,163,260
106,163,-1785
107,163,-882
108,163,-3409
109,163,-2601
110,163,-4600
104,164,-1584
105,164,-544
106,164,-2799
107,164,-1832
108,164,-4477
109,164,-3503
110,164,-5415
105,165,966
106,165,-1242
107,165,-217
108,165,-3015
109,165,-1948
110,165,-3729
111,165,-2974
106,166,-2267
107,166,-1084
108,166,-3843
109,166,-2899
110,166,-4847
111,166,-3925
112,166,-6188
106,167,-763
107,167,356
108,167,-2275
109,167,-1227
110,167,-3315
111,167,-2321
112,167,-4439
107,168,-712
108,168,-3127
109,168,-2084
110,168,-4270
111,168,-3299
112,168,-5585
107,169,765
108,169,-1633
109,169,-484
110,169,-2697
111,169,-1768
112,169,-3863
107,170,-275
108,170,-2547
109,170,-1439
110,170,-3566
111,170,-2614
112,170,-4903
107,171,1150
108,171,-1085
109,171,190
110,171,-2060
111,171,-1084
112,171,-3226
113,171,-2188
108,172,-2090
109,172,-873
110,172,-2952
111,172,-1957
112,172,-4176
113,172,-3164
109,173,665
110,173,-1550
111,173,-445
112,173,-2682
113,173,-1649
114,173,-3819
110,174,-2510
111,174,-1357
112,174,-3507
113,174,-2474
114,174,-4749
115,174,-3774
111,175,61
112,175,-2085
113,175,-947
114,175,-3217
115,175,-2236
116,175,-4409
112,176,-3039
113,176,-1915
114,176,-4061
115,176,-3064
116,176,-5488
117,176,-4374
113,177,-416
114,177,-2680
115,177,-1533
116,177,-3860
117,177,-2923
