z,n,electronCapture(keV)
1,0,-782.347
3,0,13736
2,1,-18.59202
3,1,22898.274
4,1,25460
5,1,28945
2,2,-22196.2131
3,2,447.6529
4,2,4288.1534
5,2,11907.5551
6,2,12142.7002
2,3,-21661.2131
3,3,-3505.2147
4,3,861.893
5,3,17979.8973
6,3,16494.4854
7,3,23101.3545
8,3,23373.2693
2,4,-24283.6294
3,4,-11166.0229
4,4,-16004.1329
5,4,1068.0349
6,4,3648.0623
7,4,13716.2469
8,4,14675.2668
9,4,18915
2,5,-23062
3,5,-10663.8784
4,5,-13606.4541
5,5,-556.8759
6,5,1981.6889
7,5,17338.0681
8,5,17769.9506
9,5,23956.6215
10,5,23648.6215
3,6,-15980.9213
4,6,-20445.1411
5,6,-11509.4607
6,6,-13369.3979
7,6,2220.4718
8,6,5144.3643
9,6,13711.13
10,6,13311.5932
11,6,18219.1277
3,7,-16144.5191
4,7,-20551.0898
5,7,-11708.3636
6,7,-13436.9387
7,7,-156.4765
8,7,2754.1841
9,7,15412.184
10,7,14548.7507
11,7,19720.3745
12,7,18909.0095
4,8,-23931.8152
5,8,-17097.1315
6,8,-20643.7926
7,8,-9771.7071
8,8,-10420.9094
9,8,2760.4655
10,8,4444.5049
11,8,11177.331
12,8,10627.2054
13,8,16186
14,8,15439
4,9,-23321.8152
5,9,-16290.8166
6,9,-19084.2343
7,9,-8010.226
8,9,-8678.843
9,9,1655.9288
10,9,3239.4986
11,9,13892.4207
12,9,13088.708
13,9,18601
14,9,17202
15,9,23275
5,10,-20868.4411
6,10,-23417.5656
7,10,-13161.8007
8,10,-13895.9838
9,10,-4820.3029
10,10,-7024.4689
11,10,3546.919
12,10,4781.4051
13,10,12221.7457
14,10,10793.9978
15,10,16363
16,10,16707
5,11,-20335.4399
6,11,-22684.4422
7,11,-11806.0982
8,11,-12523.3972
9,11,-3813.6349
10,11,-5684.1712
11,11,2843.3243
12,11,4056.179
13,11,13884.766
14,11,12743.2956
15,11,18114
16,11,18150
17,11,24197
18,11,23947
6,12,-26873.3742
7,12,-16557.4995
8,12,-17970.3261
9,12,-8109.639
10,12,-10818.0916
11,12,-4375.8085
12,12,-5515.6774
13,12,4276.808
14,12,5069.1361
15,12,11725.473
16,12,11221.0593
17,12,17117
18,12,17397
19,12,22935
6,13,-27356.4961
7,13,-15737.0689
8,13,-17169.8816
9,13,-6489.6562
10,13,-8439.3084
11,13,-2466.2583
12,13,-3834.9684
13,13,4004.4042
14,13,4812.3583
15,13,14344.9407
16,13,13858.4257
17,13,18733.802
18,13,18360
19,13,24190
20,13,23489
6,14,-31898.0019
7,14,-20411
8,14,-22481.7725
9,14,-11336.1072
10,14,-13496.1583
11,14,-7322.3107
12,14,-9353.7631
13,14,-2610.2694
14,14,-4642.0776
15,14,4942.2325
16,14,6141.6014
17,14,12007.979
18,14,11134.3536
19,14,16925
20,14,16110
21,14,21910
6,15,-32740
7,15,-21846.3983
8,15,-22099.0584
9,15,-10955.8885
10,15,-13369.6698
11,15,-7341.894
12,15,-9068.8037
13,15,-1830.774
14,15,-3687.3192
15,15,4232.1065
16,15,5398.013
17,15,12680.8313
18,15,11619.0452
19,15,17158
20,15,16363
21,15,22601
22,15,21390
7,16,-27450
8,16,-28438
9,16,-15994.8633
10,16,-18193.5414
11,16,-12568.7005
12,16,-14031.6303
13,16,-7595.4023
14,16,-8568.8459
15,16,-1491.5071
16,16,-1710.6608
17,16,5582.5182
18,16,6061.793
19,16,11874.3955
20,16,10966.0155
21,16,16916
22,16,15619
23,16,20070
8,17,-28654
9,17,-15986.3855
10,17,-18082.568
11,17,-12288.0534
12,17,-13292.3538
13,17,-6982.744
14,17,-7998.3286
15,17,-227.1872
16,17,-248.5079
17,17,5491.6037
18,17,5966.2429
19,17,12814.3607
20,17,11664.1314
21,17,17809
22,17,16673
23,17,21463
24,17,20100
9,18,-19536
10,18,-22104.0579
11,18,-15719.8092
12,18,-17356.0423
13,18,-11828.5569
14,18,-12978.3208
15,18,-5823.0223
16,18,-5382.9879
17,18,-167.3218
18,18,-709.5343
19,18,6147.4775
20,18,6742.2563
21,18,13109.9804
22,18,11529.9139
23,18,16008
24,18,14679
25,18,19340
9,19,-18676
10,19,-21750.3873
11,19,-14805.4501
12,19,-15368.1833
13,19,-10270.4677
14,19,-12016.946
15,19,-4557.0175
16,19,-3988.4006
17,19,1142.1329
18,19,813.8729
19,19,5914.0671
20,19,6524.4888
21,19,14323.0493
22,19,12944.8214
23,19,17485
24,19,15946
25,19,20882
26,19,19388
10,20,-25680
11,20,-18935.5625
12,20,-19469.0523
13,20,-13460.255
14,20,-16994.0653
15,20,-10466.3291
16,20,-10413.0962
17,20,-4865.1258
18,20,-4916.7109
19,20,-565
20,20,-1310.9051
21,20,6495.5482
22,20,7016.6496
23,20,11399.2333
24,20,10386.1805
25,20,14535
26,20,13628
27,20,17750
28,20,16448
10,21,-25661
11,21,-18359
12,21,-18817.24
13,21,-11320.9428
14,21,-14167.7504
15,21,-7814.9194
16,21,-7900.4135
17,21,-2936.9
18,21,-3441.9774
19,21,1504.4031
20,21,421.6406
21,21,6426.2904
22,21,6872.5591
23,21,13740.5071
24,21,12371.64
25,21,17053.8226
26,21,15437
27,21,19738
28,21,18309
11,22,-22350
12,22,-23356.7903
13,22,-15863.5156
14,22,-18386.5096
15,22,-12424.5003
16,22,-12239.6512
17,22,-6637.5463
18,22,-7482.0816
19,22,-2492.0392
20,22,-3525.2626
21,22,2220.7227
22,22,267.4488
23,22,7123.8247
24,22,7604.3264
25,22,11996.7167
26,22,11288.0685
27,22,14971
28,22,14130
11,23,-21161
12,23,-22192
13,23,-14429.7751
14,23,-16381.0765
15,23,-10451.2656
16,23,-10388.0361
17,23,-4719.9687
18,23,-5760.318
19,23,-599.3527
20,23,-1833.4783
21,23,3652.6948
22,23,2062.0551
23,23,7052.3723
24,23,7443.9769
25,23,13524.6692
26,23,12869.1957
27,23,16887.0566
28,23,15692
29,23,20680
12,24,-25523
13,24,-18401.9132
14,24,-20640
15,24,-15094.9874
16,24,-14698.6603
17,24,-8298.6116
18,24,-9590.9082
19,24,-4565.5836
20,24,-5687.2319
21,24,-260.091
22,24,-2366.626
23,24,2930.5422
24,24,1656.6918
25,24,7712.4265
26,24,8150.4267
27,24,12847.0389
28,24,11784.123
29,24,16491
30,24,15538
12,25,-24923
13,25,-17604
14,25,-19169
15,25,-13806.0653
16,25,-14028.8125
17,25,-7194.0221
18,25,-7850.3002
19,25,-3108.2375
20,25,-4196.5868
21,25,1377.9665
22,25,-600.7694
23,25,4014.9467
24,25,2629.8047
25,25,7634.4776
26,25,8054.04
27,25,13988.1167
28,25,13028.5485
29,25,18038
30,25,17366
31,25,21550
12,26,-27831
13,26,-21286
14,26,-23154
15,26,-18180
16,26,-18729.5899
17,26,-11964.05
18,26,-12194.2869
19,26,-6844.8422
20,26,-7725.6802
21,26,-1992.177
22,26,-3988.8685
23,26,601.8555
24,26,-1038.124
25,26,3207.4893
26,26,2379.2912
27,26,8288.1073
28,26,8731.7558
29,26,13700.5585
30,26,13240
31,26,17140
32,26,15960
12,27,-27201
13,27,-20729
14,27,-21390
15,27,-15748
16,27,-17236
17,27,-11274.7373
18,27,-11508.2568
19,27,-5642.6746
20,27,-6632.6837
21,27,-279.2155
22,27,-2001.5652
23,27,2208.6274
24,27,752.3907
25,27,4708.1214
26,27,3742.8664
27,27,8244.5478
28,27,8694.035
29,27,15277.9163
30,27,14759
31,27,18759
32,27,17390
33,27,21890
13,28,-23510
14,28,-25150
15,28,-19289
16,28,-20314
17,28,-14922
18,28,-16036.3062
19,28,-10344.7078
20,28,-11940.3857
21,28,-5262.4445
22,28,-6894.747
23,28,-2470.1402
24,28,-3976.4763
25,28,597.2679
26,28,-696.3688
27,28,3451.4254
28,28,2132.8689
29,28,8774.9466
30,28,9368.9796
31,28,13456
32,28,12060
33,28,16590
14,29,-23940
15,29,-18200
16,29,-19301
17,29,-14375
18,29,-15787
19,29,-9929.555
20,29,-11688.5069
21,29,-4947.8903
22,29,-6482.6122
23,29,-1965.334
24,29,-3435.9426
25,29,1377.1325
26,29,231.1204
27,29,4566.6455
28,29,3261.697
29,29,8561.0204
30,29,9142.776
31,29,14584
32,29,13345
33,29,17720
34,29,16650
15,30,-21130
16,30,-22200
17,30,-16781
18,30,-18075
19,30,-12551
20,30,-13861.3774
21,30,-6918.0432
22,30,-8954.1372
23,30,-4970.2419
24,30,-7037.1118
25,30,-2602.2183
26,30,-3695.4973
27,30,836.3589
28,30,-381.5789
29,30,4798.3786
30,30,4170.7922
31,30,9214.2438
32,30,9847
33,30,13421
34,30,12673
35,30,16529
16,31,-21610
17,31,-16670
18,31,-17800
19,31,-12498
20,31,-13816.8529
21,31,-6257.2889
22,31,-8111.8785
23,31,-4154.4548
24,31,-5985.1877
25,31,-1626.5384
26,31,-2695.7375
27,31,2307.9785
28,31,1073.005
29,31,6127.981
30,31,5635.1565
31,31,9181.0666
32,31,9625.8787
33,31,14783
34,31,13917
35,31,18091
36,31,16978
17,32,-19652
18,32,-20930
19,32,-16026
20,32,-17128.6431
21,32,-9381.8471
22,32,-11305.8789
23,32,-7292.6673
24,32,-9101.727
25,32,-4961.2946
26,32,-6327.7027
27,32,-1564.8804
28,32,-2822.8058
29,32,2237.9663
30,32,1619.4548
31,32,5666.3294
32,32,4517.3237
33,32,9541.167
34,32,10365
35,32,14051
36,32,13165
18,33,-20780
19,33,-15758
20,33,-17091.9853
21,33,-9277.3463
22,33,-10990.3608
23,33,-6760.4051
24,33,-8089.9214
25,33,-3835.7607
26,33,-5139.629
27,33,-237.2633
28,33,-1323.8504
29,33,3958.8965
30,33,3366.4392
31,33,7171.1912
32,33,6179.2631
33,33,9581.957
34,33,10006.9381
35,33,15398
36,33,14119
18,34,-23739
19,34,-19086
20,34,-20010
21,34,-12191.7329
22,34,-13907.147
23,34,-10033.2148
24,34,-11561.224
25,34,-7409.3977
26,34,-8445.2283
27,34,-3977.6759
28,34,-5322.0404
29,34,-66.9768
30,34,-579.5996
31,34,3254.538
32,34,2116.6879
33,34,6086.4858
34,34,4705.0786
35,34,10175.2364
36,34,10325
37,34,14037
19,35,-17710
20,35,-19121
21,35,-12005.458
22,35,-13022.1957
23,35,-9512.9152
24,35,-10505.3137
25,35,-6059.4457
26,35,-7178.373
27,35,-2546.3427
28,35,-3661.3385
29,35,1674.6156
30,35,1351.6527
31,35,5175.5
32,35,4205.438
33,35,8084.2715
34,35,6677.4672
35,35,10504.2727
36,35,10175.2155
37,35,15611
38,35,14061
20,36,-21491
21,36,-14820
22,36,-15438.0995
23,36,-11731
24,36,-13821.0986
25,36,-9245.6277
26,36,-10354.092
27,36,-6215.9238
28,36,-7306.5921
29,36,-2137.8808
30,36,-2640.9396
31,36,1001.2201
32,36,107.2555
33,36,3988.4927
34,36,2404.0737
35,36,6644.0883
36,36,5121.1683
37,36,10540.1468
38,36,11089
39,36,14799
20,37,-20689
21,37,-13949
22,37,-15050
23,37,-10987.704
24,37,-12319.3807
25,37,-7671.3532
26,37,-8748.5685
27,37,-4822.8898
28,37,-5940.5911
29,37,-251.9958
30,37,-560.8226
31,37,2921.1
32,37,2227.1455
33,37,6228.063
34,37,4746.742
35,37,8806.4384
36,37,7094.0287
37,37,10415.828
38,37,10600
39,37,15998
40,37,14839
20,38,-23461
21,38,-16639
22,38,-17549
23,38,-13807
24,38,-15639.4478
25,38,-10708.7611
26,38,-11980.5117
27,38,-7967.3036
28,38,-9597.7522
29,38,-3576.8654
30,38,-4440.1115
31,38,-909.9134
32,38,-1651.8861
33,38,2013.4
34,38,361.6194
35,38,4581.6095
36,38,2956.3173
37,38,7104.9299
38,38,6231.4432
39,38,11365
40,38,11323
41,38,15120
20,39,-22940
21,39,-15550
22,39,-16870
23,39,-13013
24,39,-14438.1586
25,39,-9349.0622
26,39,-10250.5576
27,39,-6340.6944
28,39,-8420.9047
29,39,-2103.2205
30,39,-2681.6854
31,39,654.5979
32,39,232.4698
33,39,4356.1019
34,39,2725.3604
35,39,6925.0492
36,39,4783.388
37,39,8534.6172
38,39,7027.0566
39,39,11001
40,39,11033
41,39,16339
42,39,14900
21,40,-18510
22,40,-19510
23,40,-15880
24,40,-17320
25,40,-12657
26,40,-13317.4543
27,40,-9613.3678
28,40,-11821.2318
29,40,-5757.565
30,40,-6588.3675
31,40,-2810.3405
32,40,-3997.6263
33,40,344.7759
34,40,-1353.1467
35,40,3062.4694
36,40,1275.3724
37,40,5338.9516
38,40,3761.4779
39,40,7676.7291
40,40,6388
41,40,11164
42,40,11440
43,40,15020
22,41,-18930
23,41,-14840
24,41,-16200
25,41,-11610
26,41,-12128
27,41,-7746
28,41,-9593.2084
29,41,-3762.5123
30,41,-4617.6517
31,41,-442.7892
32,41,-1598.1889
33,41,2562.3871
34,41,864.7139
35,41,4962.881
36,41,3065.3663
37,41,7242.856
38,41,5323.114
39,41,9163.305
40,41,8188.5003
41,41,11804
42,41,11273
43,41,16470
44,41,15220
23,42,-17320
24,42,-18840
25,42,-14311
26,42,-14977
27,42,-11186
28,42,-12688.9049
29,42,-7304.8989
30,42,-8362.4883
31,42,-4105.9329
32,42,-5372.8249
33,42,-1177.2301
34,42,-2960.5756
35,42,1364.6792
36,42,-726.1153
37,42,3639.5114
38,42,1864.009
39,42,5815.2156
40,42,4450.0341
41,42,8298.7493
42,42,7024
43,42,11660
44,42,11800
24,43,-17526
25,43,-13230
26,43,-13839
27,43,-9635
28,43,-11036.3053
29,43,-5556.9381
30,43,-6605.9659
31,43,-2292.9057
32,43,-3396.3337
33,43,921.5145
34,43,-683.1627
35,43,3573.7836
36,43,1625.7778
37,43,5717.9785
38,43,3928.5695
39,43,7945.965
40,43,6294.0125
41,43,10227.8497
42,43,8769.9238
43,43,12541
44,43,11960
45,43,17479
25,44,-15730
26,44,-16440
27,44,-12440
28,44,-13926
29,44,-8879.2856
30,44,-9750.5077
31,44,-5901.7231
32,44,-6916.2501
33,44,-2703.4642
34,44,-4208.9819
35,44,-150.6016
36,44,-2004.4299
37,44,2239.4954
38,44,177.7503
39,44,4591.9435
40,44,2472.7471
41,44,6895.512
42,44,5023.1337
43,44,9194.7656
44,44,7331
45,44,12719
46,44,11924
25,45,-14810
26,45,-15310
27,45,-11050
28,45,-12139
29,45,-7306
30,45,-8088.6967
31,45,-3993.6241
32,45,-5220.5176
33,45,-954.9114
34,45,-2281.3849
35,45,1870.4623
36,45,280.8517
37,45,4403.9824
38,45,2273.0239
39,45,6755.1411
40,45,4666.9352
41,45,8834.9627
42,45,6989.6757
43,45,11016.2515
44,45,9025.4327
45,45,13250
46,45,12400
47,45,17249
26,46,-18080
27,46,-13980
28,46,-15160
29,46,-10230
30,46,-11321.3964
31,46,-7203.1495
32,46,-8157.9729
33,46,-4108.9014
34,46,-5544.8861
35,46,-1588.0317
36,46,-3093.1185
37,46,920.0039
38,46,-890.6058
39,46,3261.1584
40,46,1314.0763
41,46,5472.6536
42,46,3485.0021
43,46,7620.0875
44,46,5840.8951
45,46,9670
46,46,8220
47,46,12582
48,46,11962
26,47,-17289
27,47,-12881
28,47,-13680
29,47,-8791
30,47,-9926.375
31,47,-6220.8433
32,47,-6978.8242
33,47,-2679.2869
34,47,-3855.705
35,47,95.2184
36,47,-976.9222
37,47,2680.3708
38,47,1064.051
39,47,5240
40,47,3671.2405
41,47,7457.3187
42,47,5610.8105
43,47,9447.8181
44,47,7746.8246
45,47,11302.1155
46,47,10030
47,47,13700
48,47,12850
49,47,17482
27,48,-15861
28,48,-16530
29,48,-11513
30,48,-12693.768
31,48,-9116.0536
32,48,-10311.6397
33,48,-6241.6189
34,48,-7488.4677
35,48,-3673.178
36,48,-4656.251
37,48,-687
38,48,-1776.0972
39,48,1861.6894
40,48,670.1549
41,48,4252.2191
42,48,2489.0165
43,48,6222.1768
44,48,4624.4922
45,48,8204.9136
46,48,6805.3428
47,48,10060
48,48,8940
49,48,13344
27,49,-15070
28,49,-15440
29,49,-9910
30,49,-11024.2629
31,49,-7575.0553
32,49,-8663.7335
33,49,-4690.3523
34,49,-5671.2117
35,49,-1835.3638
36,49,-2904.8622
37,49,518.6734
38,49,-282.2749
39,49,3622.6
40,49,2833.2285
41,49,6111.0165
42,49,4429.1934
43,49,7882.8841
44,49,6389.3929
45,49,9675.9789
46,49,8374.7035
47,49,11671.7741
48,49,10170
49,49,13730
50,49,13400
28,50,-19560
29,50,-14248
30,50,-14969
31,50,-11428.2924
32,50,-12484.3497
33,50,-8692.8893
34,50,-10094.1624
35,50,-6161.8335
36,50,-7633.4147
37,50,-3888.2706
38,50,-5312.6243
39,50,-1502.1757
40,50,-2275.635
41,50,1257.5644
42,50,-355.2968
43,50,3200.9629
44,50,1574.7296
45,50,5117.1423
46,50,3504.3127
47,50,6901.8255
48,50,5430
49,50,8555
50,50,7030
29,51,-13440
30,51,-14289
31,51,-10616.7652
32,51,-11719.3136
33,51,-7705.1329
34,51,-9224.4929
35,51,-5129.086
36,51,-6817.8455
37,51,-2917.709
38,51,-4496.6278
39,51,-545.9674
40,51,-1544.271
41,51,2005.7335
42,51,405.7609
43,51,4255.7476
44,51,2563.5961
45,51,6392.6529
46,51,4791.7118
47,51,8254.5607
48,51,6781.3511
49,51,10016.4492
50,51,8239.277
51,51,13835
29,52,-15820
30,52,-16584
31,52,-12967
32,52,-14054.2989
33,52,-10065.7253
34,52,-11541.0256
35,52,-7465.5526
36,52,-8975.3282
37,52,-5176.6042
38,52,-6585.3721
39,52,-2699.3714
40,52,-3642.5294
41,52,-90.8123
42,52,-2045.0163
43,52,1690.5175
44,52,-258.7369
45,52,3523
46,52,1854.2331
47,52,5470.3785
48,52,3943.374
49,52,7291.5642
50,52,5760
51,52,10422
52,52,9668
29,53,-15010
30,53,-15900
31,53,-12264
32,53,-13379.3679
33,53,-9562.2229
34,53,-10808.2192
35,53,-6831.764
36,53,-8261.5231
37,53,-4406.3133
38,53,-5906.901
39,53,-1949.1237
40,53,-2894.8723
41,53,900.2684
42,53,-925.6009
43,53,2973.2411
44,53,1103.8722
45,53,5049.6529
46,53,3401.6603
47,53,7074.703
48,53,5497.9186
49,53,8964.8059
50,53,7540
51,53,12332
52,53,11203.9825
53,53,14920
30,54,-18110
31,54,-14644
32,54,-15640
33,54,-12028
34,54,-13434
35,54,-9281.873
36,54,-10958.9533
37,54,-6771.0748
38,54,-8094.9212
39,54,-4141.3118
40,54,-4917.8589
41,54,-1126.3312
42,54,-3192.059
43,54,320.264
44,54,-1792.6575
45,54,2040.8632
46,54,378.4577
47,54,4097.7606
48,54,2587
49,54,6019.2293
50,54,4555.6174
51,54,9322.5103
52,54,8253.5423
53,54,11227
54,54,10139
31,55,-13699
32,55,-14720
33,55,-10930
34,55,-12462
35,55,-8200.0834
36,55,-9866.6724
37,55,-6003.121
38,55,-7465.9434
39,55,-3505.7517
40,55,-4452.0031
41,55,-163.9704
42,55,-1941.9038
43,55,1683.7664
44,55,-297.5156
45,55,3636.2612
46,55,1980.2833
47,55,5656.2615
48,55,4151.0761
49,55,7785.7166
50,55,6302.5807
51,55,10880.3964
52,55,9996
53,55,13011
54,55,11502.9589
32,56,-17129
33,56,-13490
34,56,-14810
35,56,-10527.1716
36,56,-12536.5161
37,56,-8483.8977
38,56,-10282.9297
39,56,-6090.6528
40,56,-7108.8741
41,56,-2666.1038
42,56,-4591.3681
43,56,-1357.7631
44,56,-3206.4401
45,56,545.6846
46,56,-1119.647
47,56,2654.2778
48,56,1148.0787
49,56,4693.2673
50,56,3254.4521
51,56,7858.9903
52,56,6663.6646
53,56,10042.8941
54,56,8545.2075
55,56,11620
33,57,-12520
34,57,-14080
35,57,-9509
36,57,-11245.7673
37,57,-7215.0114
38,57,-9226.9772
39,57,-5411.738
40,57,-6821.2382
41,57,-2242.8547
42,57,-3634.7623
43,57,172.0776
44,57,-1613.52
45,57,2323.1187
46,57,574.7252
47,57,4278.6529
48,57,2736.9989
49,57,6524.0031
50,57,5054.4281
51,57,9624.6079
52,57,8535.5871
53,57,11761.9766
54,57,10434
55,57,13612
56,57,12055
34,58,-16344
35,58,-12030
36,58,-13698
37,58,-9731.3868
38,58,-11563.897
39,58,-7534.7807
40,58,-8993.0098
41,58,-4718.6736
42,58,-6401.7829
43,58,-2824.6411
44,58,-4533.5134
45,58,-764.5378
46,58,-2435.7789
47,58,1347.0564
48,58,-189.7534
49,58,3423.6586
50,58,2049.8794
51,58,6379.194
52,58,5219.924
53,58,8633.6922
54,58,7036.991
55,58,10439.0876
56,58,8780.4915
35,59,-10846
36,59,-12309
37,59,-8272.6693
38,59,-10061.5295
39,59,-5866.3591
40,59,-6972.9398
41,59,-3418.5098
42,59,-4628.4637
43,59,-1012.0557
44,59,-2663.2474
45,59,1136.4195
46,59,-566.6347
47,59,2965.1434
48,59,1416.3741
49,59,5132.5944
50,59,3859.3453
51,59,8392.248
52,59,7249.2597
53,59,10504.1795
54,59,8915.8902
55,59,12399.9706
56,59,10779
57,59,14330
35,60,-13390
36,60,-14872
37,60,-11095.646
38,60,-12053.2361
39,60,-8125.2037
40,60,-9051.4949
41,60,-5730.5011
42,60,-7262.6008
43,60,-3649.5889
44,60,-5596.7945
45,60,-1916.7271
46,60,-3544.8865
47,60,-34.0458
48,60,-1645.6311
49,60,2014.8047
50,60,627.9769
51,60,5101.834
52,60,4031.455
53,60,7227.521
54,60,5553.036
55,60,8957
56,60,7663
57,60,11187
36,61,-13423
37,61,-10249
38,61,-11397.3767
39,61,-7503.7365
40,61,-8106.2003
41,61,-4716.838
42,61,-5925.6639
43,61,-2155.2212
44,61,-3648.2396
45,61,-39.4038
46,61,-1508.9427
47,61,1917.4238
48,61,215.1002
49,61,3878
50,61,2453.4692
51,61,7056.076
52,61,6069.9281
53,61,9250.7417
54,61,7681.0475
55,61,11004
56,61,9035.1943
57,61,12580
58,61,11199
36,62,-16070
37,62,-12721
38,62,-13551.6204
39,62,-9729.8721
40,62,-10408.7856
41,62,-7219.674
42,62,-8532.7512
43,62,-4955.5157
44,62,-6547
45,62,-3001.1457
46,62,-4493.0596
47,62,-1112.9469
48,62,-2890.6633
49,62,860.1972
50,62,-664.9224
51,62,3911.1637
52,62,2606.9398
53,62,5724.9628
54,62,4373.7764
55,62,7692.2462
56,62,6210
57,62,9570
58,62,7840
59,62,11139
37,63,-11796
38,63,-12757.4969
39,63,-9013.3301
40,63,-9351.96
41,63,-6093.3367
42,63,-7415.2411
43,63,-3648.2494
44,63,-5112.5985
45,63,-1369.7517
46,63,-2607.2327
47,63,873.5982
48,63,-1036.8
49,63,2584.7306
50,63,1038.9941
51,63,6063.1189
52,63,4940.6447
53,63,7843.1388
54,63,6253.2213
55,63,9669.6905
56,63,7714.9651
57,63,11319
58,63,9500
59,63,13094
37,64,-13987
38,64,-14906.9991
39,64,-11177
40,64,-11638
41,64,-8457.2728
42,64,-9925.3249
43,64,-6204.9921
44,64,-7738.5736
45,64,-4260.7958
46,64,-5502.2116
47,64,-2229.5607
48,64,-3991.1283
49,64,-323.837
50,64,-1989.9281
51,64,3030.4336
52,64,1558.2272
53,64,4656.9321
54,64,2891.9893
55,64,6489.4269
56,64,5000
57,64,8555
58,64,6669
59,64,10056
60,64,8321
38,65,-14120
39,65,-10320
40,65,-10888
41,65,-7453
42,65,-8821.1703
43,65,-5173.533
44,65,-6455.6267
45,65,-2756.0638
46,65,-3682.0153
47,65,-262.6897
48,65,-2016.4615
49,65,1445.1268
50,65,-497.4892
51,65,4703.9591
52,65,3544.0634
53,65,6719.7015
54,65,4983.2433
55,65,8283.7857
56,65,6357.4948
57,65,10066
58,65,8365
59,65,11765
60,65,10001
61,65,13631
38,66,-16310
39,66,-12380
40,66,-12959
41,66,-9704
42,66,-11204.0998
43,66,-7623.5438
44,66,-9038.0654
45,66,-5518.5456
46,66,-6589.9874
47,66,-3436.3252
48,66,-5084.1233
49,66,-1451.8768
50,66,-3276.2204
51,66,1758.1788
52,66,305.4459
53,66,3404.808
54,66,1574.726
55,66,5378.6549
56,66,3535.817
57,66,7004
58,66,5343
59,66,8587
60,66,6943
61,66,10600
62,66,9070
39,67,-11490
40,67,-12050
41,67,-8595
42,67,-9969.4851
43,67,-6498.7491
44,67,-7760.65
45,67,-4100.179
46,67,-4823.5559
47,67,-1440.4642
48,67,-3101.893
49,67,462.7305
50,67,-1454.7073
51,67,3656.6393
52,67,2293
53,67,5615
54,67,3764.6525
55,67,7210.2195
56,67,5388.6934
57,67,8831.1685
58,67,7102
59,67,10497
60,67,8633
61,67,12311
62,67,10850
63,67,14187
39,68,-13720
40,68,-14170
41,68,-10960
42,68,-12225.9002
43,68,-9084.862
44,68,-10371.9409
45,68,-6899.1276
46,68,-7780.0712
47,68,-4556.7647
48,68,-6169.8248
49,68,-2524.6381
50,68,-4424.6664
51,68,589.4452
52,68,-945.0271
53,68,2297.4615
54,68,724.2937
55,68,4204.6012
56,68,2651.2748
57,68,5909.4836
58,68,4152.9106
59,68,7436
60,68,5800
61,68,9195
62,68,7770
63,68,10816
40,69,-13250
41,69,-10090
42,69,-10980
43,69,-7779
44,69,-9056.2674
45,69,-5489.0622
46,69,-6196.5938
47,69,-2711.6378
48,69,-4236.479
49,69,-526.5277
50,69,-2366.3263
51,69,2680.6076
52,69,1056.0462
53,69,4234
54,69,2694.3302
55,69,5926.3445
56,69,4420.7663
57,69,7696.4376
58,69,5916.7727
59,69,9203.1617
60,69,7399
61,69,11127
62,69,9490
63,69,12939
64,69,11176
41,70,-12480
42,70,-13410
43,70,-10162
44,70,-11620.919
45,70,-8123.9327
46,70,-9095.2839
47,70,-5758.0284
48,70,-7147.8469
49,70,-3721.7197
50,70,-5370
51,70,-402.5306
52,70,-1979.0772
53,70,1228.3898
54,70,-302.8501
55,70,3109.6184
56,70,1680.7697
57,70,4921.8386
58,70,3091.5136
59,70,6513.9383
60,70,4579.225
61,70,7998
62,70,6488
63,70,9995
64,70,8271
65,70,11197
41,71,-11650
42,71,-12440
43,71,-8920
44,71,-10309
45,71,-6666.8252
46,71,-7527.1313
47,71,-4165.4444
48,71,-5331.1799
49,71,-1770.3754
50,71,-3362.0331
51,71,1605.7483
52,71,51.9128
53,71,3159.587
54,71,1636.6632
55,71,4795.7039
56,71,3422.0719
57,71,6743.7167
58,71,5036.037
59,71,8247.4488
60,71,6532.6235
61,71,9798
62,71,8177
63,71,11576
64,71,9898
65,71,13190
41,72,-13870
42,72,-14720
43,72,-11247
44,72,-12855
45,72,-9406.8875
46,72,-10501.5182
47,72,-7238.4816
48,72,-8305.8535
49,72,-4760.7564
50,72,-6368.5921
51,72,-1408.2079
52,72,-2905.073
53,72,185.77
54,72,-1235.8904
55,72,2080.8562
56,72,562.6171
57,72,3737.3247
58,72,2204.4611
59,72,5407.7842
60,72,3801.6487
61,72,6924.7272
62,72,5388
63,72,8709
64,72,7154
65,72,10246
66,72,8669
42,73,-13670
43,73,-10003
44,73,-11350
45,73,-7887
46,73,-8584.4751
47,73,-5371.9076
48,73,-6671.0057
49,73,-2958.9765
50,73,-4385.6489
51,73,612.4067
52,73,-766.7
53,73,2153.6712
54,73,662.3336
55,73,3928.7617
56,73,2438.1843
57,73,5629.4021
58,73,4060.8167
59,73,7241.224
60,73,5605.2112
61,73,8882.5343
62,73,7205.1069
63,73,10567
64,73,8932
65,73,12059
66,73,10430
67,73,13513
42,74,-15980
43,74,-12450
44,74,-13710
45,74,-10743
46,74,-11660
47,74,-8220.4934
48,74,-9506.2662
49,74,-6014.8503
50,74,-7363.697
51,74,-2361.4366
52,74,-3671.0321
53,74,-702.7199
54,74,-2122.5041
55,74,1197.0197
56,74,-357.0219
57,74,2909.6936
58,74,1254.8898
59,74,4480.6319
60,74,2881.5569
61,74,6151.2907
62,74,4359.0237
63,74,7845.7518
64,74,6090
65,74,9501
66,74,7652
67,74,11018
68,74,9321
43,75,-10920
44,75,-11910
45,75,-8899
46,75,-9932.203
47,75,-6489.9492
48,75,-7845.6026
49,75,-4168.342
50,75,-5481.3495
51,75,-378
52,75,-1582.203
53,75,1255.7634
54,75,-188.8936
55,75,2980.7199
56,75,1376.6158
57,75,4711.3256
58,75,3076.1685
59,75,6304.8987
60,75,4722.2522
61,75,8029.3747
62,75,6081.2029
63,75,9748.0968
64,75,7767
65,75,11300
66,75,9158
67,75,12869
68,75,10887
69,75,14448
43,76,-13590
44,76,-14720
45,76,-11630
46,76,-12737
47,76,-9138.8323
48,76,-10469.4858
49,76,-7064.2177
50,76,-8205.7585
51,76,-3228.716
52,76,-4363.9419
53,76,-1502.2919
54,76,-2944.2864
55,76,358.0009
56,76,-1282.2099
57,76,2059.1203
58,76,385.7605
59,76,3680.4357
60,76,2141.1234
61,76,5511.1108
62,76,3416.5976
63,76,6982.1777
64,76,5203.6675
65,76,8683.388
66,76,6440
67,76,10121
68,76,8002
69,76,11657
44,77,-13080
45,77,-10099
46,77,-11239
47,77,-7830
48,77,-8828.1511
49,77,-5553.65
50,77,-6589.681
51,77,-1268.4219
52,77,-2375.5
53,77,416.7716
54,77,-970.8477
55,77,2126.2813
56,77,517.431
57,77,3731.3434
58,77,2027.1499
59,77,5168.129
60,77,3617.8447
61,77,7102.8119
62,77,5120.7993
63,77,8470
64,77,6701.4161
65,77,10400
66,77,8250.2433
67,77,11960.5706
68,77,9880
69,77,13267
44,78,-15475
45,78,-12640
46,78,-13690
47,78,-10560
48,78,-11535
49,78,-8138.6978
50,78,-9171.3131
51,78,-4038.7874
52,78,-5067.2728
53,78,-2231.7057
54,78,-3575.4729
55,78,-427.36
56,78,-2058.8368
57,78,1207.1973
58,78,-471.0621
59,78,2716.9515
60,78,1111.6847
61,78,4515.9014
62,78,2756.101
63,78,6008.3127
64,78,4349.4074
65,78,7812.1185
66,78,5798.0965
67,78,9122.4943
68,78,6916.2074
69,78,10633.4071
70,78,8535
45,79,-11120
46,79,-12130
47,79,-8930
48,79,-10092
49,79,-6951.8716
50,79,-7755.7081
51,79,-2153.4702
52,79,-3229.6099
53,79,-515.3046
54,79,-1786.2812
55,79,1234.6691
56,79,-268.6983
57,79,2849.5915
58,79,1222.1
59,79,4437
60,79,2811.7226
61,79,6045.2
62,79,4588.9724
63,79,7673
64,79,6010
65,79,9391.3235
66,79,8157.0853
67,79,11316.7007
68,79,9149.2869
69,79,12713.963
70,79,10611
71,79,14059
45,80,-13460
46,80,-14590
47,80,-11429
48,80,-12528
49,80,-9712.7471
50,80,-10225.687
51,80,-4716.8328
52,80,-5552.9155
53,80,-2920.169
54,80,-4082.3946
55,80,-1168.5917
56,80,-2548.2241
57,80,580.5356
58,80,-1052.4585
59,80,2129.089
60,80,428.9806
61,80,3668.5879
62,80,2159.6062
63,80,5275.824
64,80,3859.6633
65,80,6526.9329
66,80,5208.7165
67,80,8438.946
68,80,6512.1694
69,80,9801
70,80,7661
71,80,11242
46,81,-13490
47,81,-10320
48,81,-11252
49,81,-8788.9322
50,81,-9240.2095
51,81,-3088.728
52,81,-4013.6198
53,81,-1509.6875
54,81,-2634.1851
55,81,90.3151
56,81,-1175.6285
57,81,1748.3977
58,81,264.6396
59,81,3388
60,81,1823.0137
61,81,4808.5196
62,81,3443.5291
63,81,6346.4515
64,81,5064.8984
65,81,8322.1791
66,81,6546.6266
67,81,9868.2304
68,81,7904.2328
69,81,11340
70,81,9229.2615
71,81,12848
72,81,11075
46,82,-17050
47,82,-13990
48,82,-15220
49,82,-12812.6089
50,82,-14135
51,82,-8049.6228
52,82,-8514.7483
53,82,-6050.3894
54,82,-6883.9455
55,82,-4162.3582
56,82,-5374.7776
57,82,-2308.4632
58,82,-3762.1676
59,82,-583.4758
60,82,-2163.6885
61,82,1041.6463
62,82,-549.5096
63,82,2659.8832
64,82,1031.7798
65,82,4614.2543
66,82,2677.5501
67,82,6048.1366
68,82,4114.5689
69,82,7494.6768
70,82,5449.8923
71,82,8784
72,82,6937
73,82,10322
47,83,-13168
48,83,-14462
49,83,-11946.1243
50,83,-13184
51,83,-7585.2453
52,83,-8038.4581
53,83,-5119.9455
54,83,-6027.1455
55,83,-2914.7839
56,83,-4212.8293
57,83,-1044.1542
58,83,-2501.2141
59,83,746.5288
60,83,-934.1107
61,83,2331.9117
62,83,616.099
63,83,3878.7573
64,83,2187.6833
65,83,5732.4723
66,83,3794.6493
67,83,7363.7264
68,83,5356.4558
69,83,8779.9397
70,83,6813
71,83,10265
72,83,8235
73,83,11819
74,83,9906
47,84,-15010
48,84,-16065
49,84,-13550
50,84,-14464
51,84,-9058.08
52,84,-9918.3897
53,84,-7052.5063
54,84,-7992.3346
55,84,-5056.5023
56,84,-6218.1669
57,84,-3197.3515
58,84,-4508.9455
59,84,-1461.8214
60,84,-2997.44
61,84,164.4982
62,84,-1542
63,84,1721.4367
64,84,28.063
65,84,3638.5336
66,84,1796.1707
67,84,5129.6421
68,84,3104.4174
69,84,6494.0723
70,84,4495.0495
71,84,7957.5578
72,84,5880.0352
73,84,9259
74,84,7426
75,84,10629
48,85,-15059
49,85,-12510
50,85,-13522
51,85,-8337
52,85,-9243.3698
53,85,-6283.9149
54,85,-7173.6224
55,85,-4063.2768
56,85,-5255.141
57,85,-2181.6932
58,85,-3434.9108
59,85,-318.6462
60,85,-1806.014
61,85,1471.556
62,85,-224.0638
63,85,3038.5844
64,85,1314.1437
65,85,4658.2621
66,85,2871.1525
67,85,6513.3275
68,85,4545.3918
69,85,8177.8316
70,85,6123.3072
71,85,9565.988
72,85,7585
73,85,10984
74,85,9005
75,85,12451
76,85,10647
49,86,-14290
50,86,-15200
51,86,-9911
52,86,-11046
53,86,-8265.8835
54,86,-9380.2388
55,86,-6280.0423
56,86,-7327.7007
57,86,-4234.2623
58,86,-5582.2823
59,86,-2558.9318
60,86,-4252.43
61,86,-895.1896
62,86,-2470.1898
63,86,694.5812
64,86,-971.6815
65,86,2565.3796
66,86,599.3405
67,86,4131.1229
68,86,2034.4045
69,86,5583.2509
70,86,3568.8794
71,86,6980.0942
72,86,5109.801
73,86,8413.4492
74,86,6494.6267
75,86,9664
76,86,7953
77,86,11026
50,87,-14320
51,87,-9140
52,87,-10155
53,87,-7238.7734
54,87,-8270.643
55,87,-5284.9078
56,87,-6261.6865
57,87,-3082.53
58,87,-4231.7331
59,87,-1047.6178
60,87,-2702.7013
61,87,542.1891
62,87,-1071.4936
63,87,2258.9662
64,87,464.1779
65,87,3990
66,87,2170.4134
67,87,5754.6363
68,87,3830.6268
69,87,7377.2657
70,87,5289.3667
71,87,8797.4201
72,87,6856.003
73,87,10115.0475
74,87,8272
75,87,11546
76,87,9666
77,87,12941
78,87,11277
51,88,-10740
52,88,-11977
53,88,-9257
54,88,-10426.6792
55,88,-7472.6365
56,88,-8495.7679
57,88,-5319.1425
58,88,-6404.6947
59,88,-3430.1913
60,88,-4872.6133
61,88,-1688.8697
62,88,-3454
63,88,-76.6182
64,88,-1818.8037
65,88,1569.334
66,88,-237.308
67,88,3116.1405
68,88,1326.7201
69,88,4704.369
70,88,2693.5796
71,88,6124.9081
72,88,4331.1951
73,88,7537.2421
74,88,5782.188
75,88,8906.1859
76,88,7047.718
77,88,10151
78,88,8523
51,89,-9900
52,89,-11129
53,89,-8253
54,89,-9413
55,89,-6399.0606
56,89,-7461.7591
57,89,-4354.9052
58,89,-5335.5046
59,89,-2137.0282
60,89,-3336.1617
61,89,82.6155
62,89,-1190.2198
63,89,1874.4774
64,89,484.5225
65,89,3549.6514
66,89,2094.5
67,89,4990.9836
68,89,3419.2146
69,89,6600.6151
70,89,4736.8869
71,89,7893.2846
72,89,6246.5319
73,89,9387.0211
74,89,7626.1952
75,89,10763.1138
76,89,8913
77,89,12126
78,89,10319
79,89,13540
52,90,-12939
53,90,-10259
54,90,-11542
55,90,-8561.0867
56,90,-9555.8882
57,90,-6414.3615
58,90,-7689.6824
59,90,-4369.4525
60,90,-5379.4422
61,90,-2443.0767
62,90,-3508.5089
63,90,-807.4073
64,90,-1967.9913
65,90,819.8588
66,90,-438.3762
67,90,2591.8068
68,90,883.5812
69,90,3990.7162
70,90,2137.8101
71,90,5271.8989
72,90,3663.3333
73,90,6734.6864
74,90,5047.25
75,90,8201.9627
76,90,6405.809
77,90,9426.4121
78,90,7656.1526
79,90,10676
80,90,9119
53,91,-9110
54,91,-10363
55,91,-7355.4298
56,91,-8343.9631
57,91,-5163.8307
58,91,-6450
59,91,-3453.6462
60,91,-4163.5021
61,91,-1104.805
62,91,-1912.0559
63,91,717.1969
64,91,-251.9612
65,91,2444.323
66,91,1339.1791
67,91,4219.7555
68,91,2768.5
69,91,5763.1395
70,91,4064.4665
71,91,6989.4042
72,91,5522.0944
73,91,8535.5511
74,91,6986.5555
75,91,10050.1358
76,91,8335
77,91,11328.7644
78,91,9629
79,91,12596
80,91,10901
53,92,-11120
54,92,-12415
55,92,-9520
56,92,-10633.9614
57,92,-7389.301
58,92,-8535.7155
59,92,-5554.6233
60,92,-6391.5934
61,92,-3317.6236
62,92,-4188.9614
63,92,-1627.1314
64,92,-2452.4891
65,92,60.0473
66,92,-936.2686
67,92,1837.6
68,92,318.2488
69,92,3302.5839
70,92,1656.319
71,92,4502.4636
72,92,2824.0194
73,92,5787.641
74,92,4210.3092
75,92,7259
76,92,5799.8944
77,92,8629.5684
78,92,6883
79,92,9904.2655
80,92,8256.6495
54,93,-11199
55,93,-8261
56,93,-9531
57,93,-6421.3477
58,93,-7914.7191
59,93,-4778
60,93,-5761.8901
61,93,-2687
62,93,-3251.1999
63,93,-722.109
64,93,-1364.7614
65,93,1219.0862
66,93,365.3613
67,93,3290
68,93,1994.9954
69,93,4856.7282
70,93,3434.5345
71,93,6369.7952
72,93,4806.735
73,93,7761.2089
74,93,6257.8523
75,93,9098.0411
76,93,7686.2626
77,93,10743
78,93,8945.4613
79,93,11788.6592
80,93,10171
55,94,-10300
56,94,-11720
57,94,-8370
58,94,-9690
59,94,-6659
60,94,-7720
61,94,-4656.2095
62,94,-5193.8878
63,94,-2781.4807
64,94,-3419.5081
65,94,-970.7242
66,94,-1835.9516
67,94,859.2003
68,94,-293.6478
69,94,2439
70,94,896.7722
71,94,3853.1403
72,94,2161.9978
73,94,5116.6971
74,94,3500.9828
75,94,6508.6195
76,94,4978.3046
77,94,7885.2079
78,94,6272.7035
79,94,9104.7415
80,94,7417
55,95,-9180
56,95,-10660
57,95,-7680
58,95,-8850
59,95,-5640
60,95,-6868.4609
61,95,-3964.7175
62,95,-4380.5376
63,95,-2018.6123
64,95,-2518.4717
65,95,105.5863
66,95,-593.7166
67,95,2140.6068
68,95,1210.6141
69,95,4033.6302
70,95,2634.6364
71,95,5572.7197
72,95,4058.5198
73,95,6966.6444
74,95,5372.5686
75,95,8386.8083
76,95,6953.0469
77,95,9864.2673
78,95,8331.6974
79,95,11259
80,95,9434.2436
81,95,12369.3668
56,96,-12480
57,96,-9590
58,96,-10690
59,96,-7635
60,96,-8752.8229
61,96,-5802.9994
62,96,-6145.7062
63,96,-3835.5363
64,96,-4448.6112
65,96,-1955.6357
66,96,-2301.6217
67,96,2.8309
68,96,-962.0559
69,96,1591.3282
70,96,292.7714
71,96,3063.619
72,96,1712.274
73,96,4426.46
74,96,2846.8656
75,96,5835.8106
76,96,4323.1979
77,96,7169.7944
78,96,5468.3293
79,96,8304.998
80,96,6736.3283
81,96,9435.7198
82,96,8187
57,97,-8610
58,97,-9850
59,97,-6630
60,97,-8059.3109
61,97,-5271.0196
62,97,-5653.4982
63,97,-3260.2763
64,97,-3714.5406
65,97,-1598.8278
66,97,-1785.1041
67,97,987.1315
68,97,376.6648
69,97,3037.6667
70,97,1953.2162
71,97,4507.0351
72,97,3365.6321
73,97,6116.1903
74,97,4634.1832
75,97,7530.3525
76,97,6115.6196
77,97,9209.4466
78,97,7685.8265
79,97,10412.9516
80,97,8769.9135
81,97,11702
82,97,10321.2401
58,98,-11769
59,98,-8504
60,98,-9685
61,98,-6830.3441
62,98,-7338.5338
63,98,-5119.5577
64,98,-5557.7761
65,98,-3207.1628
66,98,-3862.6653
67,98,-1285.7287
68,98,-1853.8057
69,98,746.1392
70,98,-267.488
71,98,2293
72,98,1052.3734
73,98,3711.0725
74,98,2232.7914
75,98,5173.5182
76,98,3677.7177
77,98,6710.8496
78,98,4948.0041
79,98,7824.7003
80,98,5987.6832
81,98,8663.2918
82,98,7449.3696
58,99,-10860
59,99,-7610
60,99,-8954
61,99,-6170.1238
62,99,-6585.4546
63,99,-4343.8905
64,99,-4814.772
65,99,-2411.2959
66,99,-3023.4392
67,99,-485.8684
68,99,-1009.7971
69,99,1676.8526
70,99,899.127
71,99,3457.695
72,99,2397.1144
73,99,5072.249
74,99,3669.1553
75,99,6553.9925
76,99,5182.9513
77,99,8249.2618
78,99,6676.988
79,99,9694.4567
80,99,8055.648
81,99,10860.075
82,99,9688.1182
59,100,-9430
60,100,-10525
61,100,-7856
62,100,-8339
63,100,-5974.2073
64,100,-6461.5416
65,100,-4063.0674
66,100,-4775.693
67,100,-2368.0076
68,100,-2930
69,100,-353.491
70,100,-968.6148
71,100,1478.3526
72,100,333.8443
73,100,3015.2464
74,100,1513.6779
75,100,4344.4885
76,100,2931.7058
77,100,5909.0234
78,100,4256.8282
79,100,7279.5556
80,100,5375.133
81,100,7862.378
82,100,6502.6567
60,101,-9741
61,101,-7030
62,101,-7640
63,101,-5306.8315
64,101,-5796.6788
65,101,-3437.8515
66,101,-4028.3686
67,101,-1500.8333
68,101,-2125.1534
69,101,312.1997
70,101,-96.5468
71,101,2519.3805
72,101,1469.2244
73,101,4103.8117
74,101,2775.8524
75,101,5578.7182
76,101,4312.7271
77,101,7289.9295
78,101,5813.592
79,101,8804.229
80,101,7210.0126
81,101,10249.6721
82,101,9007.2534
83,101,12306
61,102,-8880
62,102,-9565
63,102,-7219
64,102,-7622
65,102,-5107.3505
66,102,-5777.2167
67,102,-3200
68,102,-3870
69,102,-1492.449
70,102,-1881.9024
71,102,670.2201
72,102,-274.2911
73,102,2073.1103
74,102,723.7709
75,102,3432.5558
76,102,2109.2143
77,102,4938.4182
78,102,3547.6546
79,102,6510.3575
80,102,4727.0905
81,102,7217.3941
82,102,5831.7688
83,102,9305
84,102,7247.0279
62,103,-8840
63,103,-6299
64,103,-7006
65,103,-4631
66,103,-5116
67,103,-2528
68,103,-3200
69,103,-890.9756
70,103,-1295.1669
71,103,1374.2287
72,103,683.9154
73,103,3211.0484
74,103,2013.0144
75,103,4753.6082
76,103,3564.1747
77,103,6378.6679
78,103,5081.5379
79,103,7864.4447
80,103,6386.8322
81,103,9461.4321
82,103,8216.5333
83,103,11535.3999
84,103,9207.0832
63,104,-8440
64,104,-8899
65,104,-6590
66,104,-7000
67,104,-4508
68,104,-4999
69,104,-2602
70,104,-3080
71,104,-470.1219
72,104,-1194.0947
73,104,1166
74,104,191
75,104,2710.9347
76,104,1481.1659
77,104,4086.9327
78,104,2883.262
79,104,5581.7092
80,104,3973.9269
81,104,6425.9062
82,104,5202.0427
83,104,8603.6798
84,104,6650.4226
63,105,-7610
64,105,-8230
65,105,-5860
66,105,-6240
67,105,-3724
68,105,-4304
69,105,-1915
70,105,-2385
71,105,108.9895
72,105,-496.8425
73,105,1837
74,105,1062.2093
75,105,3798.8793
76,105,2967.4438
77,105,5557.4266
78,105,4428.9417
79,105,7013.7724
80,105,5674.4989
81,105,8656.119
82,105,7457.637
83,105,10616.2241
84,105,8642.6682
64,106,-9989
65,106,-7560
66,106,-8070
67,106,-5610
68,106,-6080
69,106,-3659
70,106,-4120
71,106,-1397.4983
72,106,-2097.4851
73,106,105.5801
74,106,-702.6122
75,106,1716.5331
76,106,837.0348
77,106,3461.6215
78,106,2278.3688
79,106,4829.9942
80,106,3175.7972
81,106,5673.917
82,106,4525.3784
83,106,7779.3555
84,106,6033.1975
85,106,8932.644
65,107,-6720
66,107,-7230
67,107,-4739
68,107,-5352
69,107,-2741
70,107,-3417
71,107,-660.7415
72,107,-1404.0231
73,107,845.8453
74,107,205.1193
75,107,2800
76,107,2145.9028
77,107,4641.7101
78,107,3647.4137
79,107,6149.5913
80,107,4910.2713
81,107,7861.9485
82,107,6772.0862
83,107,9820.7014
84,107,8170.6205
85,107,10992.2252
86,107,9110.2435
66,108,-9160
67,108,-6570
68,108,-7241
69,108,-4711
70,108,-5437
71,108,-2419
72,108,-3103
73,108,-1036.1061
74,108,-1815.4592
75,108,556
76,108,-32.746
77,108,2470.3505
78,108,1307.903
79,108,3656.5811
80,108,2172.9634
81,108,5010.2727
82,108,3949.6288
83,108,7051.8922
84,108,5468.0534
85,108,8257.9789
86,108,6441.1134
67,109,-5780
68,109,-6578
69,109,-3980
70,109,-4739
71,109,-1956
72,109,-2605.5435
73,109,-381.0486
74,109,-1072.1161
75,109,1485.6333
76,109,1013.1393
77,109,3827.6813
78,109,2864.0151
79,109,5449.6549
80,109,3955.58
81,109,7004.3892
82,109,5991.7073
83,109,9017.3089
84,109,7559.2614
85,109,10288.1273
86,109,8520.5842
68,110,-8130
69,110,-5821
70,110,-6550
71,110,-3709
72,110,-4280
73,110,-2010
74,110,-2866
75,110,-431.1764
76,110,-1072.7114
77,110,1669.6385
78,110,523.986
79,110,2887.4471
80,110,1462.915
81,110,4308.8981
82,110,3320.4029
83,110,6344.6913
84,110,5018.4029
85,110,7646.3554
86,110,5888.3439
87,110,8743.5996
69,111,-4990
70,111,-5649
71,111,-2870
72,111,-3567.4325
73,111,-1340
74,111,-1993.5
75,111,581.2819
76,111,-2.4667
77,111,2792.3457
78,111,1980.247
79,111,4472.9637
80,111,3206.0616
81,111,6139.2324
82,111,5247.9637
83,111,8184.8462
84,111,6908.9121
85,111,9555.5564
86,111,7865.6231
87,111,10808.0177
70,112,-7410
71,112,-4716
72,112,-5199
73,112,-3074.5667
74,112,-3901
75,112,-1312.5048
76,112,-2120.4209
77,112,537.1494
78,112,-552.8893
79,112,1900.4257
80,112,760.7028
81,112,3584.9466
82,112,2729.6315
83,112,5712.4729
84,112,4540.3012
85,112,7037.8235
86,112,5478.4271
87,112,8331.2349
71,113,-3700
72,113,-4359
73,113,-2183.3883
74,113,-3008.4937
75,113,-349
76,113,-1007.7049
77,113,1954.2108
78,113,1010.4903
79,113,3516.3415
80,113,2342.6641
81,113,5246.4542
82,113,4417.2524
83,113,7339.202
84,113,6294.1172
85,113,8764.5316
86,113,7263.5308
87,113,10134.0327
88,113,8348.2439
71,114,-5480
72,114,-6104
73,114,-3896
74,114,-4758
75,114,-2170
76,114,-3124.8105
77,114,-313.5873
78,114,-1452.8946
79,114,1074.8477
80,114,27.9978
81,114,2858.0499
82,114,2148.3639
83,114,5058.1894
84,114,3900.5727
85,114,6415.4515
86,114,4987.4394
87,114,7695.9856
88,114,5973.362
72,115,-5230
73,115,-3080
74,115,-3850
75,115,-1214.1824
76,115,-2044.8311
77,115,1046.6722
78,115,56.6276
79,115,2548.1518
80,115,1553.719
81,115,4329.3455
82,115,3608.8367
83,115,6693.5916
84,115,5558.7875
85,115,7953.7897
86,115,6682.0288
87,115,9376.0984
88,115,7724.9182
72,116,-7009
73,116,-4809
74,116,-5649
75,116,-3174.2318
76,116,-4293.475
77,116,-1141.9038
78,116,-2228.3252
79,116,226.8175
80,116,-687.2263
81,116,2186.0092
82,116,1461.3103
83,116,4434.1181
84,116,3428.8901
85,116,5731.7247
86,116,4320.5458
87,116,7060.4572
88,116,5453.7889
89,116,8302.8357
73,117,-3920
74,117,-4657
75,117,-1969
76,117,-3162.7597
77,117,-96.6
78,117,-1101.5601
79,117,1505.8204
80,117,599.5206
81,117,3425.5625
82,117,2827.6624
83,117,5880.2841
84,117,4907.8397
85,117,7346.4628
86,117,5978.5623
87,117,8577.4239
88,117,7113.6693
89,117,9919.1406
74,118,-6520
75,118,-4042
76,118,-5175
77,118,-2180.722
78,118,-3209.0164
79,118,-719.9769
80,118,-1373.5226
81,118,1486.6695
82,118,796.3695
83,118,3842.0269
84,118,2809.285
85,118,5148.2116
86,118,3905.136
87,118,6399.9479
88,118,4812.4721
89,118,7632.2404
90,118,5927.1868
74,119,-5380
75,119,-2850
76,119,-3951
77,119,-1158.3989
78,119,-2155.6519
79,119,323.2251
80,119,-452.3142
81,119,2456.0403
82,119,1909.7458
83,119,5189.7539
84,119,4214.0744
85,119,6465.7939
86,119,5274.7547
87,119,7886.0592
88,119,6363.0084
89,119,9032.9208
90,119,7550
74,120,-7280
75,120,-4820
76,120,-5918
77,120,-3185
78,120,-4194
79,120,-1705.0525
80,120,-2263.1737
81,120,481.7508
82,120,39.811
83,120,3261.5896
84,120,2304.8814
85,120,4536.8793
86,120,3306.4697
87,120,5785.7211
88,120,4392.8615
89,120,6986.6464
90,120,5295.442
91,120,8175.8296
75,121,-3620
76,121,-4729
77,121,-2110
78,121,-2990.1656
79,121,-640.9158
80,121,-1261.8237
81,121,1364.8906
82,121,974.8265
83,121,4463.8883
84,121,3544.171
85,121,5749.2803
86,121,4592.74
87,121,6990.4614
88,121,5640.3845
89,121,8321.2403
90,121,6732.9111
91,121,9485.6366
75,122,-5480
76,122,-6610
77,122,-4128
78,122,-5030
79,122,-2660
80,122,-2992.3278
81,122,-492.1062
82,122,-763.7453
83,122,2704.5927
84,122,1839.5323
85,122,3918.2186
86,122,2814.5118
87,122,5158.9051
88,122,3786.3467
89,122,6311.6152
90,122,4811.2864
91,122,7534.0866
76,123,-5541
77,123,-3020
78,123,-3901
79,123,-1660.854
80,123,-2125.7592
81,123,344.0781
82,123,50.6402
83,123,3757.3057
84,123,2908.8541
85,123,4999.3061
86,123,3942.7237
87,123,6261.2558
88,123,4972.1844
89,123,7498.3626
90,123,5979.0781
91,123,8764.963
92,123,7084.7747
77,124,-5000
78,124,-6052
79,124,-3633
80,124,-4300
81,124,-1533.0836
82,124,-1532.2128
83,124,2397.414
84,124,1400.9438
85,124,3482.2417
86,124,2367.3352
87,124,4615.0152
88,124,3317.2355
89,124,5795.4721
90,124,4261.6599
91,124,6883.1037
92,124,5242.6308
77,125,-4110
78,125,-5140
79,125,-2770
80,125,-3717
81,125,-1307.5659
82,125,-1417.5323
83,125,2878.368
84,125,1892.5741
85,125,3980.9605
86,125,2891.8615
87,125,5143.221
88,125,3899.7568
89,125,6340.5313
90,125,4890.8833
91,125,7525.2616
92,125,5916
77,126,-7100
78,126,-8050
79,126,-5750
80,126,-6755
81,126,-4546.9906
82,126,-4998.3984
83,126,-644.0152
84,126,-1161.1549
85,126,785.3012
86,126,-31.0705
87,126,2141.7493
88,126,1051.0675
89,126,3498.5554
90,126,2148.8006
91,126,4848.968
92,126,3245.0869
93,126,6140.9976
78,127,-7220
79,127,-4950
80,127,-5847
81,127,-3484.7131
82,127,-3969.7809
83,127,-63.4758
84,127,-573.3763
85,127,1741.2596
86,127,883.5727
87,127,3361.3369
88,127,2213.8573
89,127,4858.2701
90,127,3503.459
91,127,6282.8212
92,127,4712.7298
93,127,7462
94,127,6019
79,128,-6501
80,128,-7355
81,128,-5035
82,128,-5481.4334
83,128,-1366.1041
84,128,-2251.4656
85,128,73.9972
86,128,-940.5125
87,128,1487.1274
88,128,320.4441
89,128,2812.7853
90,128,1515.9019
91,128,4120.4434
92,128,2735
93,128,5390
94,128,3785
95,128,6579
79,129,-5410
80,129,-6380
81,129,-3947
82,129,-4415.0129
83,129,-569.0133
84,129,-1421.8481
85,129,1090.8208
86,129,87.5935
87,129,2717.7096
88,129,1574.8729
89,129,4205.2887
90,129,2893.2268
91,129,5588.8595
92,129,4145.059
93,129,7001.8072
94,129,5462
95,129,7980
80,130,-7980
81,130,-5688
82,130,-5998
83,130,-2028.073
84,130,-3269.1925
85,130,-714.8128
86,130,-2003.3657
87,130,656.0967
88,130,-413.8838
89,130,2175.7005
90,130,945.7825
91,130,3435.0112
92,130,2208.4729
93,130,4613.3046
94,130,3248
95,130,6090
81,131,-4571
82,131,-4987.4088
83,131,-1017.7611
84,131,-2171.0426
85,131,474.3423
86,131,-736.032
87,131,1842.0267
88,131,776.9137
89,131,3471.664
90,131,2408.8773
91,131,4861.322
92,131,3707.6637
93,131,6289.5572
94,131,4682
95,131,7340
81,132,-6416
82,132,-6648
83,132,-2712.9729
84,132,-4091.652
85,132,-1488.8543
86,132,-2882.8048
87,132,-212.3984
88,132,-1210.2406
89,132,1567.1715
90,132,581.2415
91,132,2952.2124
92,132,1880.3393
93,132,4246.0969
94,132,2813
95,132,5410
81,133,-5306
82,133,-5688
83,133,-1636
84,133,-2846.5103
85,133,-256.4334
86,133,-1566.6838
87,133,870.3384
88,133,-313.3741
89,133,2301.5922
90,133,1560.3471
91,133,3866.7705
92,133,3015.361
93,133,5488.0792
94,133,4191
95,133,6742
81,134,-7079
82,134,-7361
83,134,-3530
84,134,-4859.3866
85,134,-2285.3395
86,134,-3763.755
87,134,-1194.1032
88,134,-2057.898
89,134,591.8099
90,134,-238.5672
91,134,2046.4473
92,134,1295.1978
93,134,3533.9848
94,134,2283
95,134,4785.4899
81,135,-6050
82,135,-6399
83,135,-2414
84,135,-3638
85,135,-887.7139
86,135,-2311.375
87,135,6.1461
88,135,-1149.0844
89,135,1408.3152
90,135,672.8878
91,135,2835.9504
92,135,2214.6629
93,135,4605
94,135,3593.5462
95,135,5940
96,135,4860
82,136,-8081
83,136,-4300
84,136,-5696
85,136,-2991.0276
86,136,-4581.0714
87,136,-2007.4091
88,136,-2922.7819
89,136,-355.7386
90,136,-1111.5517
91,136,1025.6117
92,136,296.402
93,136,2590.7577
94,136,1695.5543
95,136,4101
96,136,2913
97,136,5478
83,137,-3171
84,137,-4426
85,137,-1533.2393
86,137,-3038.2698
87,137,-696.484
88,137,-1827.5584
89,137,641.6252
90,137,-44.7559
91,137,2152.6993
92,137,1313.7716
93,137,3621.5986
94,137,2684.8905
95,137,5059
96,137,4008
97,137,6673
84,138,-6464
85,138,-3651
86,138,-5265.9197
87,138,-2713.5412
88,138,-3852.9638
89,138,-1327.9489
90,138,-2123.7545
91,138,311.331
92,138,-558.5262
93,138,1817.7347
94,138,1001
95,138,3233
96,138,2261
97,138,4757
84,139,-5161
85,139,-2199
86,139,-3765
87,139,-1226.6542
88,139,-2504.9813
89,139,-45.5402
90,139,-1104.4191
91,139,1311.0313
92,139,381.6138
93,139,2750
94,139,2103.3047
95,139,4112
96,139,3389
97,139,5689
98,139,4728
84,140,-7159
85,140,-4280
86,140,-5913
87,140,-3203.3894
88,140,-4444.027
89,140,-1872.0266
90,140,-2975.8745
91,140,-391.4727
92,140,-1337.1034
93,140,1029.4197
94,140,395.1807
95,140,2442.2558
96,140,1812
97,140,3963
98,140,3061
99,140,5429
85,141,-2889
86,141,-4544
87,141,-1859.2451
88,141,-3106.2907
89,141,-677.9196
90,141,-1947.0425
91,141,499.8388
92,141,-570.2993
93,141,1809.8462
94,141,1139.3021
95,141,3139
96,141,2677
97,141,4771
98,141,3952
99,141,6237
100,141,5327
85,142,-4850
86,142,-6637
87,142,-3694.1465
88,142,-4970.4627
89,142,-2453.6351
90,142,-3707.7131
91,142,-1242.232
92,142,-2193.9105
93,142,124.2619
94,142,-476.5854
95,142,1478
96,142,1023.7818
97,142,3103
98,142,2324
99,142,4567
100,142,3598
86,143,-5527
87,143,-2683
88,143,-3864.0868
89,143,-1342.5322
90,143,-2576.395
91,143,-274.0882
92,143,-1370.1184
93,143,933.5116
94,143,220.063
95,143,2258.2731
96,143,1756.6021
97,143,3940
98,143,3346
99,143,5414
100,143,4569
101,143,6634
87,144,-4469
88,144,-5575.8791
89,144,-3026.0244
90,144,-4228.2364
91,144,-1728.8531
92,144,-2889.373
93,144,-518.5338
94,144,-1291.4491
95,144,802.1402
96,144,214.1127
97,144,2279
98,144,1635
99,144,3757
100,144,2938
101,144,5133
88,145,-4585.9906
89,145,-2089.4348
90,145,-3339.4064
91,145,-921.2477
92,145,-2137.4905
93,145,146.8652
94,145,-722.7849
95,145,1384.7902
96,145,767.4346
97,145,2948
98,145,2300
99,145,4547
100,145,3877
101,145,5924
89,146,-3773
90,146,-4965.7951
91,146,-2427.4736
92,146,-3586.3111
93,146,-1261.6634
94,146,-2190.9095
95,146,-20.7799
96,146,-664.3145
97,146,1507.6936
98,146,764.2709
99,146,2930
100,146,2372.3848
101,146,4263
102,146,3741
90,147,-4065
91,147,-1631
92,147,-2765
93,147,-399.2685
94,147,-1360
95,147,751.1373
96,147,6.9302
97,147,2261.9902
98,147,1571.3755
99,147,3728.5741
100,147,3094
101,147,5050
102,147,4606
91,148,-3162
92,148,-4295
93,148,-1882
94,148,-2700
95,148,-579.5559
96,148,-1427.3
97,148,809.2519
98,148,123.3159
99,148,2469.0006
100,148,1599
101,148,3661.8091
102,148,3167
103,148,4981
92,149,-3543
93,149,-1203
94,149,-2051
95,149,73.1143
96,149,-895.8929
97,149,1350
98,149,619.8711
99,149,3061
100,149,2344
101,149,4326.9476
102,149,3882
103,149,5666
104,149,5118
93,150,-2674
94,150,-3434
95,150,-1277.7559
96,150,-2377
97,150,-43.5841
98,150,-893.1015
99,150,1452
100,150,847
101,150,3007.9406
102,150,2404.2523
103,150,4164.7752
104,150,3555
105,150,5265
94,151,-2672
95,151,-401
96,151,-1620
97,151,738.3049
98,151,-123.6
99,151,2055
100,151,1447.261
101,151,3650.5075
102,151,3186
103,151,4922.5753
104,151,4382
105,151,6076
95,152,-2057
96,152,-3170
97,152,-904.363
98,152,-1781.6696
99,152,376.566
100,152,-477.9998
101,152,1827
102,152,1271
103,152,3135.3716
104,152,2475.3893
105,152,4287.8969
106,152,3788
96,153,-2353
97,153,-37.582
98,153,-1093
99,153,1260
100,153,335.0623
101,153,2550
102,153,1969.8648
103,153,3923.5573
104,153,3201
105,153,5163.3651
106,153,4528
107,153,6576
97,154,-1420
98,154,-2500
99,154,-291.0753
100,154,-1091.63
101,154,1041.6037
102,154,367
103,154,2418
104,154,1562
105,154,3624
106,154,2875
107,154,5074.4052
97,155,-521
98,155,-1627
99,155,652.7561
100,155,-288.7717
101,155,1971
102,155,1254.5923
103,155,3304
104,155,2516
105,155,4525
106,155,3697
107,155,5883.0463
108,155,5182
98,156,-3052
99,156,-720
100,156,-1700
101,156,402.3347
102,156,-213
103,156,1771
104,156,871
105,156,2990
106,156,2116
107,156,4301
108,156,3605
109,156,5724
99,157,144
100,157,-813
101,157,1264
102,157,515
103,157,2667
104,157,1761
105,157,3861
106,157,3085
107,157,5175
108,157,4505
109,157,6533.0066
110,157,6089
100,158,-2276
101,158,-140
102,158,-940
103,158,1102
104,158,287
105,158,2353
106,158,1521
107,158,3601
108,158,3036
109,158,5133
110,158,4497
101,159,784
102,159,-123
103,159,2004
104,159,1087
105,159,3187
106,159,2412
107,159,4487
108,159,3893
109,159,6183
110,159,5535
102,160,-1566
103,160,540
104,160,-300
105,160,1692
106,160,877
107,160,2958
108,160,2261
109,160,4807
110,160,3973
103,161,1364
104,161,457
105,161,2604
106,161,1792
107,161,3907
108,161,3016
109,161,5597
110,161,4853
111,161,6690
104,162,-1526
105,162,570
106,162,-260
107,162,1785
108,162,882
109,162,3409
110,162,2601
111,162,4600
105,163,1584
106,163,544
107,163,2799
108,163,1832
109,163,4477
110,163,3503
111,163,5415
106,164,-966
107,164,1242
108,164,217
109,164,3015
110,164,1948
111,164,3729
112,164,2974
107,165,2267
108,165,1084
109,165,3843
110,165,2899
111,165,4847
112,165,3925
113,165,6188
107,166,763
108,166,-356
109,166,2275
110,166,1227
111,166,3315
112,166,2321
113,166,4439
108,167,712
109,167,3127
110,167,2084
111,167,4270
112,167,3299
113,167,5585
108,168,-765
109,168,1633
110,168,484
111,168,2697
112,168,1768
113,168,3863
108,169,275
109,169,2547
110,169,1439
111,169,3566
112,169,2614
113,169,4903
108,170,-1150
109,170,1085
110,170,-190
111,170,2060
112,170,1084
113,170,3226
114,170,2188
109,171,2090
110,171,873
111,171,2952
112,171,1957
113,171,4176
114,171,3164
110,172,-665
111,172,1550
112,172,445
113,172,2682
114,172,1649
115,172,3819
111,173,2510
112,173,1357
113,173,3507
114,173,2474
115,173,4749
116,173,3774
112,174,-61
113,174,2085
114,174,947
115,174,3217
116,174,2236
117,174,4409
113,175,3039
114,175,1915
115,175,4061
116,175,3064
117,175,5488
118,175,4374
114,176,416
115,176,2680
116,176,1533
117,176,3860
118,176,2923
