z,n,halflife(Seconds)
1,0,STABLE
1,1,STABLE
2,1,STABLE
3,1,2.2784999999999998e-21
1,2,388855902.96000004
2,2,STABLE
3,2,5.605109999999999e-22
4,2,4.19244e-17
5,2,3.650157e-16
6,2,5.924100000000001e-17
1,3,1.5038099999999997e-21
2,3,3.276483e-16
3,3,STABLE
4,3,4605120
5,3,0.7721
6,3,0.1265
7,3,1.1392499999999999e-21
8,3,1.052667e-21
1,4,2.41521e-21
2,4,0.8071200000000001
3,4,STABLE
4,4,2.538249e-15
5,4,2.46078e-13
6,4,19.3015
7,4,3.55446e-16
8,4,2.32407e-17
1,5,6.8355e-22
2,5,8.88615e-17
3,5,0.83879
4,5,STABLE
5,5,STABLE
6,5,1220.406
7,5,0.010996
8,5,0.00858
9,5,4.14687e-16
10,5,2.68863e-22
1,6,8.202599999999999e-23
2,6,0.11900000000000001
3,6,0.178
4,6,43725800311200
5,6,STABLE
6,6,STABLE
7,6,598.02
8,6,70.6183
9,6,1.7316599999999998e-22
10,6,3.6456e-17
12,6,5.24055e-17
2,7,8.2026e-17
3,7,1.04811e-22
4,7,13.77
5,7,0.02022
6,7,STABLE
7,7,STABLE
8,7,122.268
9,7,1.052667e-17
10,7,0.1091
11,7,9.114e-23
12,7,3.5000000000000004e-12
2,8,8.202599999999999e-22
3,8,0.00875
4,8,0.02146
5,8,0.01716
6,8,179436513600
7,8,STABLE
8,8,STABLE
9,8,64.368
10,8,1.66432
11,8,1.8228e-17
12,8,0.09040000000000001
13,8,3.5e-8
14,8,0.028399999999999998
4,9,2.05065e-16
5,9,0.01234
6,9,2.451
7,9,7.13
8,9,STABLE
9,9,6584.04
10,9,17.2569
11,9,0.448
12,9,0.12
13,9,0.0886
14,9,0.047
3,10,5.69625e-17
4,10,0.0046500000000000005
5,10,0.01018
6,10,0.75
7,10,4.171
8,10,STABLE
9,10,STABLE
10,10,STABLE
11,10,22.4548
12,10,3.87445
13,10,0.447
14,10,0.1414
15,10,3.0000000000000004e-8
16,10,7.9e-8
4,11,2.6430600000000003e-16
5,11,4.557e-17
6,11,0.193
7,11,0.619
8,11,26.47
9,11,11.0064
10,11,STABLE
11,11,82109719.44
12,11,11.3042
13,11,2.053
14,11,0.2192
15,11,0.0436
16,11,0.016300000000000002
4,12,3.6456e-22
5,12,0.005070000000000001
6,12,0.092
7,12,0.336
8,12,13.51
9,12,4.158
10,12,STABLE
11,12,STABLE
12,12,STABLE
13,12,7.1666
14,12,2.2452
15,12,0.26
16,12,0.125
17,12,2e-8
18,12,1e-11
19,12,1.0000000000000001e-11
6,13,0.0463
7,13,0.136
8,13,3.42
9,13,4.23
10,13,37.148
11,13,53848.08
12,13,STABLE
13,13,22613986814400
14,13,4.111
15,13,0.27030000000000004
16,13,0.188
17,13,3.0000000000000004e-8
18,13,0.015
5,14,0.00292
6,14,0.016
7,14,0.0853
8,14,2.19
9,14,2.23
10,14,202.79999999999998
11,14,58.9
12,14,STABLE
13,14,STABLE
14,14,STABLE
15,14,4.1022
16,14,1.17976
17,14,0.19
18,14,0.098
5,15,2.2785e-16
7,15,0.0209
8,15,0.096
9,15,0.384
10,15,0.602
11,15,1.07128
12,15,566.1
13,15,134.898
14,15,STABLE
15,15,150
16,15,2.5534
17,15,0.29910000000000003
18,15,0.17300000000000001
20,15,0.0257
5,16,2.7342e-16
6,16,0.0060999999999999995
7,16,0.0141
8,16,0.07200000000000001
9,16,0.081
10,16,0.196
11,16,0.301
12,16,75294
13,16,393.59999999999997
14,16,STABLE
15,16,STABLE
16,16,STABLE
17,16,2.506
18,16,0.8464600000000001
19,16,0.178
20,16,0.1008
7,17,5.2e-8
8,17,4.01016e-17
9,17,0.0086
10,17,0.0309
11,17,0.0346
12,17,1.31
13,17,3.61
14,17,9434.400000000001
15,17,1232668.8
16,17,STABLE
17,17,1.5265
18,17,1.7754
19,17,0.341
20,17,0.181
22,17,0.0285
8,18,4.5e-12
9,18,0.0053
10,18,0.0187
11,18,0.0432
12,18,0.314
13,18,0.644
14,18,5153356080
15,18,2190240
16,18,STABLE
17,18,STABLE
18,18,STABLE
19,18,1.23647
20,18,0.44377
22,18,0.0524
24,18,0.013300000000000001
9,19,8.2026e-17
10,19,0.014
11,19,0.0448
12,19,0.27
13,19,0.0317
14,19,6.17
15,19,12.43
16,19,7547039.999999999
17,19,9508304880000
18,19,3024864
19,19,458.7
20,19,0.8603
21,19,0.1824
22,19,0.0819
24,19,0.0211
25,19,1.05e-7
26,19,0.0026000000000000003
8,20,1.0000000000000001e-7
9,20,0.0033
10,20,0.0073
11,20,0.017
12,20,0.08040000000000001
13,20,0.0415
14,20,2.77
15,20,47.3
16,20,STABLE
17,20,STABLE
18,20,STABLE
19,20,STABLE
20,20,STABLE
21,20,0.5962999999999999
22,20,0.20834
23,20,0.0793
24,20,0.0428
26,20,0.013900000000000001
28,20,0.0021000000000000003
9,21,2.5000000000000004e-7
10,21,0.0034
11,21,0.0132
12,21,0.0902
13,21,0.05373
14,21,0.78
15,21,5.6
16,21,303
17,21,2234.16
18,21,8457436800
19,21,39383884800000000
20,21,3136825440000
21,21,0.68079
22,21,0.509
23,21,0.111
24,21,0.0609
25,21,0.0362
26,21,0.0219
28,21,0.0075
10,22,0.0045000000000000005
11,22,0.008199999999999999
12,22,0.0449
13,22,0.0384
14,22,0.503
15,22,2.31
16,22,10218
17,22,3372
18,22,STABLE
19,22,STABLE
20,22,STABLE
21,22,14007.6
22,22,1865054160
23,22,0.546
24,22,0.24430000000000002
25,22,0.088
26,22,0.0455
28,22,0.0176
10,23,1.8000000000000002e-7
11,23,0.0055
12,23,0.011300000000000001
13,23,0.09
14,23,0.14100000000000001
15,23,0.64
16,23,11.5
17,23,79.80000000000001
18,23,6576.6
19,23,44492.4
20,23,STABLE
21,23,14551.199999999999
22,23,11088
23,23,0.42262
24,23,0.4606
25,23,0.15769999999999998
26,23,0.06470000000000001
27,23,0.0388
28,23,0.0238
11,24,0.0024
12,24,0.007200000000000001
13,24,0.0114
14,24,0.063
15,24,0.20400000000000001
16,24,8.8
17,24,38.4
18,24,1038245040
19,24,80208
20,24,STABLE
21,24,STABLE
22,24,STABLE
23,24,1956
24,24,77616
25,24,0.38210000000000005
26,24,0.152
27,24,0.0688
28,24,0.0414
29,24,1.3e-7
30,24,0.00159
12,25,0.0064
13,25,0.009000000000000001
14,25,0.038700000000000005
15,25,0.15
16,25,2.6
17,25,6.8
18,25,322.2
19,25,1327.8
20,25,14049504.000000002
21,25,7241011.2
22,25,STABLE
23,25,1380153.6
24,25,2538
25,25,0.28319
26,25,0.305
27,25,0.111
28,25,0.055200000000000006
29,25,7.500000000000001e-8
30,25,0.0198
12,26,0.0031000000000000003
13,26,0.00723
14,26,0.0303
15,26,0.101
16,26,1.016
17,26,3.13
18,26,712.1999999999999
19,26,1067.3999999999999
20,26,STABLE
21,26,289362.24
22,26,STABLE
23,26,28512000
24,26,STABLE
25,26,2750.4
26,26,29782.8
27,26,0.244
28,26,0.1141
29,26,0.0559
30,26,0.032
13,27,0.0057
14,27,0.02
15,27,0.0485
16,27,0.265
17,27,0.542
18,27,21.48
19,27,96.31
20,27,391910.39999999997
21,27,157356
22,27,STABLE
23,27,8.465611560835857e+24
24,27,2393314.56
25,27,483062.4
26,27,510.59999999999997
27,27,0.19327000000000003
28,27,0.2039
29,27,0.0808
30,27,0.0456
32,27,0.013300000000000001
13,28,0.0035
14,28,0.015
15,28,0.0365
16,28,0.1245
17,28,0.41300000000000003
18,28,8.4
19,28,17.38
20,28,1.7672256e+27
21,28,3432
22,28,STABLE
23,28,STABLE
24,28,STABLE
25,28,114238512000000
26,28,STABLE
27,28,63108.00000000001
28,28,525398.4
29,28,0.19640000000000002
30,28,0.08600000000000001
31,28,4.3e-8
32,28,0.025
14,29,0.013000000000000001
15,29,0.0182
16,29,0.068
17,29,0.232
18,29,1.23
19,29,6.8
20,29,523.08
21,29,102.5
22,29,345.36
23,29,224.57999999999998
24,29,STABLE
25,29,26965440.000000004
26,29,86972745.6
27,29,6673190.4
28,29,128160
29,29,3.205
30,29,0.1821
31,29,0.0694
32,29,0.04070000000000001
34,29,0.0132
15,30,0.024
16,30,0.05
17,30,0.101
18,30,0.41600000000000004
19,30,1.26
20,30,13.45
21,30,12.5
22,30,102
23,30,92.22
24,30,STABLE
25,30,STABLE
26,30,STABLE
27,30,23483520
28,30,STABLE
29,30,82
30,30,144.60000000000002
31,30,0.166
32,30,0.0735
33,30,4.3e-8
34,30,0.022600000000000002
18,31,0.23600000000000002
19,31,0.47200000000000003
20,31,10
21,31,8.2
22,31,32.7
23,31,49.8
24,31,209.88000000000002
25,31,9283.68
26,31,STABLE
27,31,6124291.199999999
28,31,2554682392800
29,31,1424.3999999999999
30,31,88.8
31,31,0.116123
32,31,0.15330000000000002
33,31,0.0692
34,31,0.0342
36,31,0.0074
18,32,0.105
19,32,0.365
20,32,4.6
21,32,2.4
22,32,1.6
23,32,6.54
24,32,356.40000000000003
25,32,85.4
26,32,STABLE
27,32,STABLE
28,32,STABLE
29,32,12020.4
30,32,33094.799999999996
31,32,32.1
32,32,63.7
33,32,0.13030000000000003
34,32,0.051000000000000004
36,32,0.0216
19,33,0.11
20,33,0.461
21,33,0.526
22,33,1.3
23,33,0.218
24,33,21.1
25,33,3
26,33,3844368
27,33,166340109.6
28,33,STABLE
29,33,580.32
30,33,2302.8
31,33,157.61999999999998
32,33,30.8
33,33,0.09577
34,33,0.133
35,33,3.5e-8
36,33,0.027899999999999998
19,34,0.03
20,34,0.09
21,34,0.092
22,34,0.199
23,34,0.34700000000000003
24,34,7
25,34,4.59
26,34,82348894490400
27,34,5940
28,34,STABLE
29,34,STABLE
30,34,STABLE
31,34,908.04
32,34,8135.999999999999
33,34,42.5
34,34,35.5
35,34,2.4000000000000003e-8
36,34,0.04519
19,35,0.01
20,35,0.022
21,35,0.026000000000000002
22,35,0.094
23,35,0.192
24,35,1.05
25,35,0.28
26,35,361.8
27,35,90.6
28,35,3181006080
29,35,45722.52
30,35,21075552
31,35,33494.4
32,35,1134
33,35,151.6
34,35,27.4
35,35,0.07887999999999999
36,35,0.095
37,35,1.0300000000000001e-7
38,35,0.0233
20,36,0.011
21,36,0.02
22,36,0.055
23,36,0.096
24,36,0.49
25,36,0.709
26,36,68
27,36,26.9
28,36,STABLE
29,36,STABLE
30,36,STABLE
31,36,281793.6
32,36,23417856
33,36,912
34,36,2466
35,36,21.4
36,36,17.1
37,36,8.100000000000001e-8
38,36,0.027600000000000003
21,37,0.012
22,37,0.0285
23,37,0.122
24,37,0.243
25,37,0.092
26,37,6.1
27,37,0.3
28,37,9063
29,37,305.4
30,37,STABLE
31,37,4070.5800000000004
32,37,140040
33,37,3156
34,37,286.8
35,37,78.6
36,37,27.3
37,37,0.064777
38,37,0.0852
39,37,0.024
22,38,0.0222
23,38,0.04820000000000001
24,38,0.20600000000000002
25,38,0.277
26,38,2
27,38,1.16
28,38,196560
29,38,222516
30,38,STABLE
31,38,STABLE
32,38,STABLE
33,38,235080
34,38,725760
35,38,204
36,38,690
37,38,19
38,38,7.89
39,38,0.057
22,39,0.015
23,39,0.033600000000000005
24,39,0.129
25,39,0.09
26,39,0.803
27,39,0.2
28,39,21
29,39,30.8
30,39,3384
31,39,1268.4
32,39,986688
33,39,93600
34,39,25848
35,39,1524
36,39,273
37,39,36.5
38,39,9
39,39,0.05
40,39,0.056
23,40,0.019600000000000003
24,40,0.043000000000000003
25,40,0.0917
26,40,0.47200000000000003
27,40,0.329
28,40,29
29,40,174
30,40,STABLE
31,40,STABLE
32,40,STABLE
33,40,6937920
34,40,STABLE
35,40,5802
36,40,53280
37,40,226.79999999999998
38,40,156
39,40,14.8
40,40,4.6
41,40,4e-8
23,41,0.015
24,41,0.028
25,41,0.0639
26,41,0.398
27,41,0.222
28,41,11.4
29,41,44.5
30,41,145.2
31,41,50490
32,41,STABLE
33,41,1536192
34,41,10348905.6
35,41,58176
36,41,4275
37,41,1059.6
38,41,133.8
39,41,30.1
40,41,5
41,41,0.05
42,41,0.006
24,42,0.024
25,42,0.047
26,42,0.186
27,42,0.21
28,42,6
29,42,19.4
30,42,167400
31,42,17532
32,42,STABLE
33,42,STABLE
34,42,STABLE
35,42,205344
36,42,STABLE
37,42,1368
38,42,6378
39,42,70.4
40,42,32
41,42,3.9
42,42,2.3
43,42,1.0000000000000001e-7
25,43,0.0339
26,43,0.162
27,43,0.114
28,43,2.55
29,43,6.63
30,43,24.5
31,43,486
32,43,4966.8
33,43,94464
34,43,STABLE
35,43,387
36,43,125856
37,43,33.4
38,43,1337.3999999999999
39,43,8.3
40,43,41.5
41,43,9.8
42,43,3.2
43,43,0.055
25,44,0.0221
26,44,0.0615
27,44,0.08
28,44,1.57
29,44,4.2
30,44,96
31,44,126
32,44,5.9643864e+28
33,44,139644
34,44,STABLE
35,44,STABLE
36,44,STABLE
37,44,16455.6
38,44,2190240
39,44,424.8
40,44,1560
41,44,20.5
42,44,19.1
43,44,2.1
44,44,1.4
45,44,1.2000000000000002e-7
25,45,0.019899999999999998
26,45,0.034
27,45,0.0519
28,45,0.838
29,45,1.606
30,45,10.2
31,45,31
32,45,40359.6
33,45,5442
34,45,10329843880800
35,45,1060.8
36,45,7226690400000
37,45,75.462
38,45,116675.99999999999
39,45,2406
40,45,471.6
41,45,88
42,45,14.1
43,45,6.4
44,45,1.33
45,45,0.029
46,45,0.032
26,46,0.019
27,46,0.042
28,46,0.5077
29,46,1.224
30,46,5.3
31,46,13.2
32,46,5220
33,46,540.6
34,46,STABLE
35,46,STABLE
36,46,STABLE
37,46,7447680
38,46,STABLE
39,46,9612
40,46,59400
41,46,222
42,46,480
43,46,12.8
44,46,11.7
45,46,1.47
46,46,1.06
47,46,2.28e-7
26,47,0.0129
27,47,0.0313
28,47,0.3322
29,47,0.637
30,47,2.09
31,47,5.09
32,47,18.97
33,47,15.2
34,47,1110
35,47,127022.4
36,47,STABLE
37,47,2835648
38,47,5602953.600000001
39,47,53064
40,47,6048
41,47,870
42,47,122.4
43,47,49.2
44,47,8
45,47,5.64
46,47,1.17
47,47,0.027
48,47,0.032
26,48,0.008199999999999999
27,48,0.0265
28,48,0.2347
29,48,0.4698
30,48,1.47
31,48,2.848
32,48,29.5
33,48,33.3
34,48,2.7665798252107494e+27
35,48,8546.4
36,48,STABLE
37,48,STABLE
38,48,STABLE
39,48,287604
40,48,7205760.000000001
41,48,7307.999999999999
42,48,20016
43,48,188.4
44,48,219
45,48,12.2
46,48,9.4
47,48,1.81
48,48,1.01
49,48,0.036000000000000004
27,49,0.016
28,49,0.1585
29,49,0.33130000000000004
30,49,0.746
31,49,1.9
32,49,6.4
33,49,19.1
34,49,1335
35,49,1905.6000000000001
36,49,338613048
37,49,1613174.4
38,49,STABLE
39,49,9212486.4
40,49,282110.4
41,49,52560
42,49,929.4
43,49,253.8
44,49,59.7
45,49,70.6
46,49,7.4
47,49,4.435
48,49,1.16
49,49,0.03
50,49,0.024
27,50,0.013000000000000001
28,50,0.1222
29,50,0.241
30,50,0.5619
31,50,1.217
32,50,4.48
33,50,14.1
34,50,198
35,50,176.4
36,50,STABLE
37,50,1567465992000000000
38,50,STABLE
39,50,STABLE
40,50,STABLE
41,50,21459168000
42,50,STABLE
43,50,10008
44,50,3126
45,50,301.2
46,50,122
47,50,25.5
48,50,9.3
49,50,3.11
50,50,1.18
28,51,0.043000000000000003
29,51,0.1133
30,51,0.2994
31,51,0.6
32,51,1.85
33,51,3.16
34,51,32.9
35,51,55.1
36,51,4565.400000000001
37,51,1066.5
38,51,4368384
39,51,230565.60000000003
40,51,STABLE
41,51,1095303547620000
42,51,126230400000
43,51,17580
44,51,5786.28
45,51,574.2
46,51,186
47,51,47.5
48,51,17
49,51,5.66
50,51,2.2
28,52,0.024
29,52,0.0732
30,52,0.1777
31,52,0.31
32,52,0.9520000000000001
33,52,2.023
34,52,14.3
35,52,55.68
36,52,10090.8
37,52,923.4000000000001
38,52,912330216
39,52,5059584
40,52,STABLE
41,52,STABLE
42,52,STABLE
43,52,69328.8
44,52,STABLE
45,52,1848
46,52,1062
47,52,124
48,52,49.1
49,52,15.1
50,52,3.8
52,52,1.8000000000000002e-8
29,53,0.033
30,53,0.11900000000000001
31,53,0.09759999999999999
32,53,0.514
33,53,0.9440000000000001
34,53,5.51
35,53,16.34
36,53,188.82
37,53,158
38,53,34848
39,53,12744
40,53,50835569803200
41,53,643175445600
42,53,STABLE
43,53,368927.99999999994
44,53,245168.64
45,53,524.4
46,53,1284
47,53,120.6
48,53,81.60000000000001
49,53,23.3
50,53,7
51,53,0.49
52,53,6.3e-7
30,54,0.0536
31,54,0.09509999999999999
32,54,0.226
33,54,0.484
34,54,1.51
35,54,4.348
36,54,32.32
37,54,58
38,54,9396
39,54,36612
40,54,STABLE
41,54,3023222.4
42,54,STABLE
43,54,132857496000000
44,54,STABLE
45,54,1391040.0000000002
46,54,313632
47,54,666
48,54,330
49,54,65
50,54,20.9
51,54,1.12
52,54,0.000069
54,54,0.000058
31,55,0.049
32,55,0.10300000000000001
33,55,0.2
34,55,0.41
35,55,1.91
36,55,8.57
37,55,4.48
38,55,445.79999999999995
39,55,1122
40,55,5532364.8
41,55,84060
42,55,STABLE
43,55,132541920000000
44,55,STABLE
45,55,73800
46,55,30492.000000000004
47,55,774
48,55,450
49,55,108
50,55,32.7
51,55,0.6
52,55,0.0036000000000000003
53,55,0.0264
54,55,0.013000000000000001
31,56,0.029
32,56,0.061
34,56,0.195
35,56,0.544
36,56,1.841
37,56,5.85
38,56,75.3
39,56,624
40,56,7.241870629956983e+26
41,56,4326
42,56,STABLE
43,56,6661809360000
44,56,STABLE
45,56,128439432.00000001
46,56,STABLE
47,56,3948
48,56,3468
49,56,304.20000000000005
50,56,115.19999999999999
51,56,4
52,56,2.1
53,56,0.0000927
54,56,0.093
34,57,0.27
35,57,0.34400000000000003
36,57,1.284
37,57,2.704
38,57,23.9
39,57,5.35
40,57,60296.399999999994
41,57,2.86
42,57,237369.60000000003
43,57,15.65
44,57,STABLE
45,57,17910720
46,57,1468800
47,57,4158
48,57,3324
49,57,373.8
50,57,174
51,57,7.4
52,57,4.4
53,57,0.67
54,57,0.74
55,57,0.000488
35,58,0.152
36,58,0.212
37,58,0.37989999999999996
38,58,1.065
39,58,3.75
40,58,30.7
41,58,15
42,58,2.2300070473645057e+26
43,58,847.38
44,58,STABLE
45,58,STABLE
46,58,STABLE
47,58,3567456
48,58,STABLE
49,58,1944
50,58,630
51,58,17.24
52,58,18.6
53,58,2.5
54,58,2.7
55,58,0.000016899999999999997
56,58,0.41
35,59,0.07
36,59,0.114
37,59,0.2016
38,59,0.431
39,59,0.548
40,59,2.1
41,59,1.4
42,59,876.5999999999999
43,59,5.28
44,59,3390940.8
45,59,42.3
46,59,STABLE
47,59,1437.6000000000001
48,59,23472
49,59,3480
50,59,1086
51,59,23.6
52,59,26.2
53,59,3.34
54,59,2.74
55,59,0.57
56,59,0.45
36,60,0.08
37,60,0.1691
38,60,0.653
39,60,1.483
40,60,7.1
41,60,7.2
42,60,678
43,60,54.2
44,60,STABLE
45,60,127227.6
46,60,STABLE
47,60,STABLE
48,60,STABLE
49,60,14972.4
50,60,14954.4
51,60,74.9
52,60,120
53,60,5.9
54,60,10
55,60,1.03
56,60,1.3
57,60,0.0217
36,61,0.062
37,61,0.115
38,61,0.269
39,61,0.729
40,61,2.32
41,61,4.3
42,61,67.5
43,61,1092
44,61,15984.000000000002
45,61,30.07
46,61,205124400000000
47,61,143.4
48,61,39915072
49,61,17640
50,61,2118
51,61,53.6
52,61,108
53,61,2.1
54,61,18
55,61,0.7
56,61,1.75
36,62,0.043000000000000003
37,62,0.0538
38,62,0.201
39,62,0.429
40,62,2.01
41,62,1.36
42,62,59.4
43,62,458.4
44,62,32123520
45,62,1302
46,62,STABLE
47,62,STABLE
48,62,STABLE
49,62,242334.72000000003
50,62,STABLE
51,62,400.2
52,62,983.9999999999999
53,62,78
54,62,58
55,62,8.4
56,62,5.2
59,62,0.01
36,63,0.013000000000000001
37,63,0.052000000000000005
38,63,0.114
39,63,0.396
40,63,1.38
41,63,4.9
42,63,36.3
43,63,35.7
44,63,223.8
45,63,17
46,63,48373.2
47,63,24.56
48,63,STABLE
49,63,892.8000000000001
50,63,9942912
51,63,209.4
52,63,354
53,63,2.91
54,63,61
55,63,14
56,63,5.4
57,63,2.8
58,63,1.1
36,64,0.007
37,64,0.032
38,64,0.07200000000000001
39,64,0.23600000000000002
40,64,0.922
41,64,2.92
42,64,8.73
43,64,21.2
44,64,273
45,64,80.8
46,64,STABLE
47,64,641174.4
48,64,STABLE
49,64,STABLE
50,64,STABLE
51,64,1920
52,64,8964
53,64,133.20000000000002
54,64,228
55,64,29.1
56,64,24
57,64,5.3
37,65,0.037
38,65,0.056
39,65,0.197
40,65,0.67
41,65,1.097
42,65,3.5
43,65,5.15
44,65,34.4
45,65,3.3
46,65,1416
47,65,11340
48,65,2.53723104e+23
49,65,71.9
50,65,STABLE
51,65,948
52,65,3720
53,65,828
54,65,348
55,65,60.4
56,65,29.7
57,65,8.7
58,65,3.8
59,65,1.2
60,65,0.65
37,66,0.023
38,66,0.051000000000000004
39,66,0.107
40,66,0.178
41,66,0.28700000000000003
42,66,1.106
43,66,0.88
44,66,12.04
45,66,11
46,66,75697.2
47,66,19332
48,66,STABLE
49,66,1.39169016e+22
50,66,STABLE
51,66,10080
52,66,518400
53,66,1128
54,66,2760
55,66,155
56,66,117
57,66,16.3
58,66,9.1
59,66,3.3
38,67,0.039
39,67,0.081
40,67,0.146
41,67,0.194
42,67,0.7000000000000001
43,67,0.911
44,67,2.12
45,67,3.5
46,67,89
47,67,4.59
48,67,192240
49,67,14.1
50,67,STABLE
51,67,216
52,67,57780
53,67,4902
54,67,2346
55,67,21.18
56,67,144
57,67,21
58,67,9.7
59,67,3.12
60,67,1.8
61,67,1
62,67,0.55
63,67,0.0009000000000000001
38,68,0.02
39,68,0.0335
40,68,0.07740000000000001
41,68,0.107
42,68,0.28700000000000003
43,68,0.35000000000000003
44,68,1.75
45,68,2.8
46,68,145.2
47,68,1200
48,68,8.459074162302391e+26
49,68,2592
50,68,STABLE
51,68,137520
52,68,STABLE
53,68,7632
54,68,72360
55,68,354.6
56,68,648
57,68,64.8
58,68,51
59,68,4.2
61,68,2.4
63,68,0.0178
39,69,0.03
40,69,0.056
41,69,0.075
42,69,0.186
43,69,0.323
44,69,0.8
45,69,1.82
46,69,25
47,69,229.8
48,69,9010.800000000001
49,69,5.4
50,69,STABLE
51,69,953.4000000000001
52,69,1664928
53,69,217.79999999999998
54,69,7379.999999999999
55,69,30.9
56,69,198
57,69,54
58,69,34
59,69,2.8
60,69,6.7
61,69,2.6
62,69,1.2
39,70,0.025
40,70,0.0376
41,70,0.054
42,70,0.125
43,70,0.152
44,70,0.543
45,70,0.99
46,70,11.7
47,70,72.8
48,70,3018
49,70,144
50,70,STABLE
51,70,STABLE
52,70,STABLE
53,70,47602.439999999995
54,70,STABLE
55,70,2661
56,70,5916
57,70,306
58,70,240
59,70,31
60,70,21
61,70,6.3
62,70,4
65,70,0.00094
40,71,0.024
41,71,0.038
42,71,0.08
43,71,0.11800000000000001
44,71,0.318
45,71,0.685
46,71,4.3
47,71,3.87
48,71,161.4
49,71,3.08
50,71,97380
51,71,232772.832
52,71,STABLE
53,71,360806.4
54,71,61063.2
55,71,98.58
56,71,768
57,71,306
58,71,210
59,71,40
60,71,25.4
61,71,6.9
62,71,2.9
63,71,0.5
64,71,1.1
40,72,0.03
41,72,0.032
42,72,0.058
43,72,0.078
44,72,0.203
45,72,0.421
46,72,1.9
47,72,6
48,72,50.8
49,72,23.1
50,72,STABLE
51,72,STABLE
52,72,STABLE
53,72,5131987.2
54,72,STABLE
55,72,22500
56,72,209952
57,72,696
58,72,1374
59,72,89.4
60,72,94
61,72,14
62,72,9.5
63,72,1.5
41,73,0.017
42,73,0.0456
43,73,0.057
44,73,0.152
45,73,0.28600000000000003
46,73,0.88
47,73,1.52
48,73,13.5
49,73,1.5
50,73,11162879.999999998
51,73,5202057.600000001
52,73,STABLE
53,73,1117152
54,73,3140121.6
55,73,218.4
56,73,8028
57,73,522
58,73,618
59,73,96
60,73,70
61,73,5
62,73,10.3
63,73,3.3
64,73,2.2
66,73,0.6
67,73,0.006
41,74,0.023
42,74,0.032
43,74,0.0445
44,74,0.099
45,74,0.189
46,74,0.492
47,74,0.781
48,74,5.24
49,74,6.17
50,74,STABLE
51,74,87026393.52
52,74,STABLE
53,74,STABLE
54,74,STABLE
55,74,115668.00000000001
56,74,STABLE
57,74,3540
58,74,12636
59,74,390
60,74,510
61,74,49
62,74,45
63,74,11
64,74,4.7
65,74,1.6
67,74,0.0040999999999999995
42,75,0.022
43,75,0.03
44,75,0.0692
45,75,0.133
46,75,0.29
47,75,0.55
48,75,2.1
49,75,3.12
50,75,832377.6
51,75,1062720
52,75,33660
53,75,1500
54,75,STABLE
55,75,1752
56,75,995328
57,75,16488
58,75,5820
59,75,1020
60,75,744
61,75,107
62,75,45
63,75,12.1
64,75,5.6
65,75,2.3
66,75,1
67,75,0.4
69,75,0.0000018999999999999998
42,76,0.019
43,76,0.022
44,76,0.045
45,76,0.073
46,76,0.195
47,76,0.3
48,76,1.25
49,76,2.36
50,76,6248404800000
51,76,331776
52,76,7.3844784e+31
53,76,508897068660000
54,76,STABLE
55,76,837043.2000000001
56,76,STABLE
57,76,14004
58,76,278208
59,76,1524
60,76,3039
61,76,144
62,76,186
63,76,17.9
64,76,15.8
65,76,3.5
66,76,2.3
69,76,0.00000316
43,77,0.021
44,77,0.03
45,77,0.0523
46,77,0.109
47,77,0.182
48,77,0.68
49,77,1.53
50,77,7560
51,77,32580.000000000004
52,77,4170
53,77,44496
54,77,STABLE
55,77,559872
56,77,332490873.59999996
57,77,387
58,77,63720
59,77,786
60,77,2310
61,77,195
62,77,154.2
63,77,1.51
64,77,17
65,77,0.597
66,77,4.3
67,77,0.7
68,77,0.9
69,77,0.155
43,78,0.022
44,78,0.025
45,78,0.0422
46,78,0.094
47,78,0.176
48,78,0.512
49,78,1.087
50,78,3576
51,78,15840.000000000002
52,78,2.4930504e+28
53,78,693334.08
54,78,STABLE
55,78,STABLE
56,78,STABLE
57,78,68220
58,78,STABLE
59,78,4608
60,78,18396
61,78,248.39999999999998
62,78,886.8
63,78,40.7
64,78,70.2
65,78,12
66,78,9.1
67,78,2.4
68,78,1.7
69,78,0.58
44,79,0.019
45,79,0.032
46,79,0.06420000000000001
47,79,0.052000000000000005
48,79,0.45
49,79,0.84
50,79,133.8
51,79,2430
52,79,1500
53,79,8222.04
54,79,453375.36
55,79,65185378.559999995
56,79,STABLE
57,79,592.1999999999999
58,79,32796
59,79,87
60,79,1782
61,79,9.2
62,79,624
63,79,2.36
64,79,39
65,79,1
66,79,9.5
67,79,3.3
68,79,3.2
69,79,0.7
70,79,0.7
71,79,0.045
44,80,0.015
45,80,0.0265
46,80,0.048600000000000004
47,80,0.0891
48,80,0.2459
49,80,0.629
50,80,223.8
51,80,1381.8000000000002
52,80,276825.60000000003
53,80,74880
54,80,STABLE
55,80,41971608000000
56,80,STABLE
57,80,1893456000000
58,80,STABLE
59,80,15876
60,80,291168
61,80,1254
62,80,4348.8
63,80,156
64,80,268.8
65,80,30.9
66,80,33.2
67,80,5.8
68,80,4.6
69,80,0.9
71,80,0.079
45,81,0.019
46,81,0.038
47,81,0.06659999999999999
48,81,0.151
49,81,0.277
50,81,56
51,81,167.4
52,81,750
53,81,3156
54,81,33004.799999999996
55,81,1124064
56,81,STABLE
57,81,3243670294283100000
58,81,11892095.999999998
59,81,203.4
60,81,8964
61,81,40.5
62,81,529.8
63,81,10.2
64,81,1392
65,81,8
66,81,67
67,81,2.2
68,81,4
69,81,2.2
70,81,1.6
71,81,0.65
72,81,6.000000000000001e-8
45,82,0.02
46,82,0.036000000000000004
47,82,0.052000000000000005
48,82,0.129
49,82,0.261
50,82,39.7
51,82,144.60000000000002
52,82,2508
53,82,23580
54,82,6.9111144e+28
55,82,946948903.2
56,82,STABLE
57,82,STABLE
58,82,STABLE
59,82,STABLE
60,82,STABLE
61,82,22896000
62,82,STABLE
63,82,512352
64,82,4170528.0000000005
65,82,5904
66,82,192
67,82,21
68,82,18.7
69,82,4.17
70,82,3.1
71,82,0.9
72,82,2
73,82,0.0029
46,83,0.031
47,83,0.041
48,83,0.098
49,83,0.2
50,83,1.38
51,83,0.675
52,83,19
53,83,83.4
54,83,229.26000000000002
55,83,1948.7999999999997
56,83,4973.4
57,83,145022.4
58,83,2808345.5999999996
59,83,68832
60,83,STABLE
61,83,31363200
62,83,29376000
63,83,398304
64,83,137016
65,83,3600
66,83,252
67,83,77
68,83,23.5
69,83,5.2
70,83,4.2
71,83,1.12
72,83,0.84
73,83,0.106
74,83,0.275
47,84,0.035
48,84,0.084
49,84,0.162
50,84,1.024
51,84,1.668
52,84,17.66
53,84,24.13
54,84,848.4000000000001
55,84,555
56,84,1101824.64
57,84,14148
58,84,STABLE
59,84,1172448
60,84,7.218801e+22
61,84,558569520
62,84,2145916800000000
63,84,2082240.0000000002
64,84,2742355440
65,84,14832
66,84,430.2
67,84,35.2
68,84,10.2
69,84,1.48
70,84,0.40900000000000003
71,84,0.067
72,84,0.023
73,84,0.010199999999999999
74,84,0.0014
75,84,0.000019999999999999998
47,85,0.028
48,85,0.061
49,85,0.121
50,85,0.515
51,85,0.924
52,85,2.48
53,85,6.303
54,85,39.72
55,85,64
56,85,1094.3999999999999
57,85,5508
58,85,118933.2
59,85,1036.8000000000002
60,85,STABLE
61,85,174513528
62,85,3370340884555288600
63,85,4700160
64,85,801792
65,85,12528
66,85,1080
67,85,147
68,85,37.1
69,85,8.1
70,85,1.79
71,85,0.494
72,85,0.115
73,85,0.049
74,85,0.0085
75,85,0.000612
76,85,0.00064
48,86,0.065
49,86,0.097
50,86,0.355
51,86,0.506
52,86,1.46
53,86,2.29
54,86,13.6
55,86,24.86
56,86,630.6
57,86,845.4
58,86,24614150.400000002
59,86,21535.2
60,86,STABLE
61,86,82789470.144
62,86,2.1592042105263157e+23
63,86,8043839.999999999
64,86,56387119680000
65,86,63392.40000000001
66,86,8568
67,86,120.6
68,86,223.8
69,86,21.6
70,86,25
71,86,7.6
72,86,2.9
73,86,1.04
74,86,0.091
75,86,0.00044
76,86,0.0021000000000000003
49,87,0.085
50,87,0.228
51,87,0.314
52,87,0.724
53,87,0.38
54,87,1.72
55,87,1.687
56,87,14.38
57,87,40.8
58,87,181.2
59,87,1445.4
60,87,960767.9999999999
61,87,463795.2
62,87,STABLE
63,87,1155008160
64,87,10756800
65,87,62928
66,87,23112
67,87,705.6
68,87,318
69,87,83
70,87,38.6
71,87,10.6
72,87,5.2
73,87,1.55
74,87,0.40900000000000003
75,87,0.107
76,87,0.0058
78,87,0.00026
49,88,0.065
50,88,0.148
51,88,0.182
52,88,0.35100000000000003
53,88,0.418
54,88,1.227
55,88,1.795
56,88,11.7
57,88,24.8
58,88,793.2
59,88,801
60,88,STABLE
61,88,191088
62,88,STABLE
63,88,1.4516496e+26
64,88,3.4082208e+21
65,88,202176
66,88,86783400000000
67,88,2880
68,88,1170
69,88,217.79999999999998
70,88,89.4
71,88,12.1
72,88,13.6
73,88,3.09
74,88,0.99
75,88,0.39
76,88,0.021
77,88,0.000001
78,88,0.00028
50,89,0.12
51,89,0.171
52,89,0.193
53,89,0.23500000000000001
54,89,0.511
55,89,0.993
56,89,3.99
57,89,6.1
58,89,56.4
59,89,137.4
60,89,6220.8
61,89,9712.8
62,89,2985348960
63,89,426564079.2
64,89,20771424
65,89,77400
66,89,35712
67,89,3360
68,89,1119
69,89,238.8
70,89,103.8
71,89,36.1
72,89,18.4
73,89,3.56
74,89,2.7
75,89,0.72
76,89,0.07100000000000001
77,89,0.0117
78,89,0.0009000000000000001
51,90,0.10300000000000001
52,90,0.147
53,90,0.182
54,90,0.388
55,90,0.588
56,90,2.16
57,90,4.024
58,90,56.8
59,90,135.6
60,90,2.9348568e+26
61,90,102240
62,90,STABLE
63,90,STABLE
64,90,STABLE
65,90,459648
66,90,STABLE
67,90,762
68,90,8135.999999999999
69,90,547.8000000000001
70,90,288
71,90,77
72,90,38.7
73,90,10.7
74,90,6.34
75,90,1.6
76,90,0.212
77,90,0.03
78,90,0.00202
80,90,0.00007999999999999999
51,91,0.053
52,91,0.12
53,91,0.094
54,91,0.188
55,91,0.322
56,91,0.894
57,91,1.411
58,91,5.2
59,91,6.19
60,91,746.4
61,91,245.99999999999997
62,91,166618.80000000002
63,91,271111341.59999996
64,91,STABLE
65,91,462239.99999999994
66,91,29304.000000000004
67,91,678
68,91,2160
69,91,564
70,91,252
71,91,82.2
72,91,40
73,91,14.2
74,91,5.1
75,91,2.25
76,91,0.839
77,91,0.222
78,91,0.0069900000000000006
79,91,0.00029
80,91,0.000059
52,92,0.093
53,92,0.0897
54,92,0.146
55,92,0.232
56,92,0.619
57,92,1.085
58,92,6.05
59,92,18.9
60,92,684
61,92,315
62,92,STABLE
63,92,149646139.2
64,92,STABLE
65,92,2240589600
66,92,STABLE
67,92,1982.9999999999998
68,92,102888
69,92,1812
70,92,1133.4
71,92,240.6
72,92,111
73,92,31
74,92,19.2
75,92,5.9
76,92,2.1
77,92,0.353
78,92,0.013900000000000001
79,92,0.000022
80,92,0.00023099999999999998
53,93,0.094
54,93,0.088
55,93,0.151
56,93,0.352
57,93,0.51
58,93,1.74
59,93,3.57
60,93,31.6
61,93,160.8
62,93,1330.9199999999998
63,93,1309824
64,93,STABLE
65,93,5680368000
66,93,12553920.000000002
67,93,1536
68,93,11556
69,93,1308
70,93,663
71,93,189
72,93,76
73,93,34.4
74,93,19.9
75,93,4.4
76,93,3.4
77,93,0.87
78,93,0.046
79,93,0.022
80,93,0.0008
54,94,0.085
55,94,0.112
56,94,0.258
57,94,0.457
58,94,1.42
59,94,4.29
60,94,25.9
61,94,41.5
62,94,33840
63,94,54648
64,94,STABLE
65,94,STABLE
66,94,STABLE
67,94,8928
68,94,STABLE
69,94,6516
70,94,4548
71,94,644.4
72,94,406.2
73,94,80
74,94,50.9
75,94,8.1
76,94,7.4
77,94,3.2
78,94,0.09740000000000001
79,94,0.0263
80,94,0.0019
55,95,0.0808
56,95,0.167
57,95,0.298
58,95,0.865
59,95,2.3
60,95,8.9
61,95,27.8
62,95,482.4
63,95,2754
64,95,66524.4
65,95,6246720
66,95,STABLE
67,95,900
68,95,4500
69,95,117
70,95,588
71,95,159
72,95,122.99999999999999
73,95,120
74,95,70
75,95,9.2
76,95,8.3
77,95,4.4
78,95,0.374
79,95,0.139
80,95,0.010199999999999999
81,95,0.005200000000000001
55,96,0.059000000000000004
56,96,0.14
57,96,0.244
58,96,0.722
59,96,1.47
60,96,5.27
61,96,10.56
62,96,319.20000000000005
63,96,1086
64,96,STABLE
65,96,601205.76
66,96,STABLE
67,96,144218232000
68,96,STABLE
69,96,108216
70,96,204120
71,96,3120
72,96,1557
73,96,294
74,96,145.2
75,96,15.2
76,96,19.2
77,96,9
78,96,0.868
79,96,0.201
80,96,0.02
81,96,0.018000000000000002
82,96,0.0002
56,97,0.113
57,97,0.163
58,97,0.313
59,97,0.444
60,97,1.16
61,97,4.8
62,97,11.37
63,97,42.6
64,97,219.60000000000002
65,97,456
66,97,STABLE
67,97,1728
68,97,37296
69,97,27720
70,97,1050
71,97,330
72,97,195
73,97,405.59999999999997
74,97,143.4
75,97,15
76,97,22.4
77,97,7.9
78,97,2.43
79,97,1.05
80,97,0.117
81,97,0.254
82,97,0.0027
56,98,0.053
57,98,0.1
58,98,0.233
59,98,0.295
60,98,0.8200000000000001
61,98,1.634
62,98,9.6
63,98,26
64,98,503.40000000000003
65,98,1170
66,98,STABLE
67,98,STABLE
68,98,STABLE
69,98,801792
70,98,STABLE
71,98,122616.00000000001
72,98,57636.00000000001
73,98,1398
74,98,396
75,98,118.8
76,98,44
77,98,8.9
78,98,6.32
79,98,1.454
80,98,0.266
81,98,0.426
82,98,0.0040999999999999995
57,99,0.084
58,99,0.17500000000000002
59,99,0.181
60,99,0.485
61,99,0.725
62,99,4.63
63,99,11.7
64,99,68
65,99,180
66,99,8391.6
67,99,96508.8
68,99,STABLE
69,99,8043839.999999999
70,99,2766096
71,99,173663.99999999997
72,99,43560
73,99,2208
74,99,437.4
75,99,142.79999999999998
76,99,84
77,99,8.9
78,99,10
79,99,3.4
80,99,1.05
81,99,1.09
82,99,0.036000000000000004
58,100,0.099
59,100,0.134
60,100,0.439
61,100,0.73
62,100,3.09
63,100,7.7
64,100,45
65,100,126.6
66,100,293868
67,100,10683
68,100,STABLE
69,100,STABLE
70,100,STABLE
71,100,712800
72,100,59012712
73,100,11304
74,100,2058
75,100,353.4
76,100,216
77,100,30
78,100,21
79,100,7.2
80,100,2.58
81,100,2.9
82,100,0.055
59,101,0.17
60,101,0.215
61,101,0.47400000000000003
62,101,1.67
63,101,4.08
64,101,11.6
65,101,27.1
66,101,372
67,101,179.4
68,101,811296
69,101,11093760
70,101,STABLE
71,101,579052.8
72,101,84960
73,101,3888.0000000000005
74,101,2112
75,101,318
76,101,180
77,101,12
78,101,21.2
79,101,7.9
80,101,3.6
81,101,1.9
82,101,0.535
83,101,0.013000000000000001
60,102,0.31
61,102,0.363
62,102,1.42
63,102,2.25
64,102,5
65,102,18.9
66,102,522
67,102,282
68,102,STABLE
69,102,60609600
70,102,STABLE
71,102,43233912
72,102,2.209032e+24
73,102,37800
74,102,9000
75,102,840
76,102,300
77,102,79
78,102,56
79,102,13.7
80,102,10.88
81,102,6.9
82,102,0.49
83,102,0.0000028
84,102,0.000028
61,103,0.28
62,103,0.614
63,103,1.29
64,103,4.26
65,103,9.4
66,103,39
67,103,165.6
68,103,27057.6
69,103,228960
70,103,STABLE
71,103,104455656
72,103,6105888
73,103,29088
74,103,7920
75,103,792
76,103,378
77,103,90
78,103,52
79,103,15.5
80,103,8.9
81,103,9.5
82,103,6.3
83,103,0.0148
84,103,0.0014
61,104,0.297
62,104,0.399
63,104,0.862
64,104,3.02
65,104,5.13
66,104,55
67,104,53
68,104,177480
69,104,29664
70,104,STABLE
71,104,STABLE
72,104,STABLE
73,104,203616
74,104,1866240.0000000002
75,104,1170
76,104,1290
77,104,294
78,104,162
79,104,42.8
80,104,30.9
81,104,19.5
82,104,4.82
83,104,0.037
84,104,0.00027
62,105,0.334
63,105,0.44
64,105,0.892
65,105,0.96
66,105,4.1
67,105,25
68,105,84
69,105,324
70,105,359553.60000000003
71,105,1172137483049896700
72,105,STABLE
73,105,8676
74,105,2223
75,105,147.6
76,105,6360
77,105,900
78,105,390
79,105,21
80,105,48.2
81,105,3.4
82,105,15.2
83,105,0.06
84,105,0.0035
62,106,0.353
63,106,0.389
64,106,0.616
65,106,1.24
66,106,3.52
67,106,7.1
68,106,192
69,106,912
70,106,STABLE
71,106,574318.08
72,106,STABLE
73,106,57277044
74,106,5.0176584e+25
75,106,71820
76,106,79344
77,106,3480
78,106,1038
79,106,258
80,106,82.8
81,106,51
82,106,25.5
83,106,0.685
84,106,0.0024500000000000004
85,106,0.0017
63,107,0.197
64,107,0.392
65,107,0.76
66,107,1.43
67,107,3.5
68,107,72
69,107,111.17999999999999
70,107,6879.6
71,107,1704
72,107,STABLE
73,107,29354.4
74,107,10450944
75,107,231120
76,107,46800
77,107,11124
78,107,4254
79,107,642
80,107,114
81,107,71
82,107,39
83,107,6.3
84,107,0.022
85,107,0.088
86,107,0.00115
64,108,0.163
67,108,1.9
69,108,95
70,108,4440
71,108,16524
72,108,STABLE
73,108,STABLE
74,108,STABLE
75,108,6048000
76,108,353445120000000000000
77,108,51840
78,108,7488
79,108,498.00000000000006
80,108,195
81,108,138
82,108,71
83,108,12.4
84,108,0.032200000000000006
85,108,0.028
86,108,0.0007800000000000001
70,109,480
71,109,336
72,109,3662496
73,109,9919065.6
74,109,STABLE
75,109,3061152
76,109,8030880
77,109,59904
78,109,8460
79,109,530.4
80,109,480
81,109,168
82,109,79.80000000000001
83,109,34.6
84,109,0.40700000000000003
85,109,0.28600000000000003
86,109,0.006
70,110,144
71,110,210
72,110,280862640000000
73,110,440639.99999999994
74,110,STABLE
75,110,STABLE
76,110,6.31152e+22
77,110,37800
78,110,881279.9999999999
79,110,1722
80,110,1200
81,110,318
82,110,210
83,110,63
84,110,0.392
85,110,0.309
86,110,0.0044
87,110,0.0006
71,111,120
72,111,3668.3999999999996
73,111,31319.999999999996
74,111,6471360.000000001
75,111,321278.4
76,111,STABLE
77,111,149400
78,111,39204
79,111,2568
80,111,2940
81,111,576
82,111,348
83,111,100
84,111,4.64
85,111,0.377
86,111,0.055
87,111,0.015
71,112,58
72,112,14832
73,112,2970
74,112,STABLE
75,112,1300173120000000000
76,112,STABLE
77,112,1140480
78,112,15452789617119578000
79,112,11448
80,112,17460
81,112,1296
82,112,642
83,112,183
84,112,5.63
85,112,0.388
86,112,0.065
87,112,0.0045000000000000005
71,113,19
72,113,210
73,113,630
74,113,85680
75,113,61214.4
76,113,STABLE
77,113,1017792
78,113,247104
79,113,17784
80,113,13680
81,113,1997.9999999999998
82,113,900
83,113,307.8
84,113,54
85,113,4.47
86,113,0.6
87,113,0.05
88,113,0.008
72,114,156
73,114,283
74,114,6028128
75,114,87120
76,114,STABLE
77,114,STABLE
78,114,STABLE
79,114,63539.99999999999
80,114,14106247200
81,114,4140
82,114,2220
83,114,559.8
84,114,105.6
85,114,6.97
86,114,1.03
87,114,0.063
88,114,0.0038
73,115,19.6
74,115,696
75,115,180
76,115,1296000
77,115,6378566.399999999
78,115,1577880000
79,115,137016
80,115,38448
81,115,6624
82,115,486
83,115,618
84,115,330
85,115,43
86,115,7
87,115,0.364
88,115,0.031
74,116,1800
75,116,588
76,116,STABLE
77,116,STABLE
78,116,STABLE
79,116,16071264
80,116,STABLE
81,116,10188
82,116,8640
83,116,1620
84,116,690
85,116,85
86,116,9.75
87,116,0.55
88,116,0.058
89,116,0.0077
73,117,5.3
75,117,15.2
76,117,107388
77,117,69120
78,117,STABLE
79,117,531878.4
80,117,233855.99999999997
81,117,19080
82,117,5400
83,117,2184
84,117,930
85,117,184
86,117,44
87,117,1.8
88,117,0.215
89,117,0.027
76,118,189345600
77,118,8244
78,118,STABLE
79,118,STABLE
80,118,STABLE
81,118,26712
82,118,77400
83,118,6660
84,118,2676
85,118,444
86,118,74
87,118,3.9
88,118,0.24
89,118,0.027
90,118,0.0031000000000000003
73,119,2.2
75,119,5
76,119,384
77,119,51.9
78,119,71609.40000000001
79,119,232821.21600000001
80,119,STABLE
81,119,93960
82,119,33588
83,119,6156
84,119,2202
85,119,552
86,119,170
87,119,16
88,119,1.4
89,119,0.093
90,119,0.0025
75,120,6
76,120,2094
77,120,348
78,120,STABLE
79,120,270864
80,120,STABLE
81,120,262837.44
82,120,1656774000000
83,120,42336
84,120,12664.8
85,120,1614
86,120,377.4
87,120,14.8
88,120,1.11
89,120,0.091
90,120,0.0157
91,120,0.0038
75,121,3
76,121,93
77,121,9.1
78,121,1830.6000000000001
79,121,2904
80,121,STABLE
81,121,1077459.8399999999
82,121,186948
83,121,40608
84,121,6444
85,121,1830
86,121,555
87,121,58.6
88,121,4.8
89,121,0.34400000000000003
90,121,0.037
91,121,0.005
76,122,125
77,122,6
78,122,45360
79,122,1560
80,122,STABLE
81,122,STABLE
82,122,STABLE
83,122,1288224
84,122,760320.0000000001
85,122,6516
86,122,1456.8000000000002
87,122,50.5
88,122,3.9
89,122,0.21
90,122,0.0317
91,122,0.0053
76,123,5
77,123,43
78,123,150
79,123,28.4
80,123,4027276.8000000003
81,123,119391868.08
82,123,536479200000000
83,123,539395.2000000001
84,123,20880
85,123,5868
86,123,1722
87,123,190.8
88,123,13
89,123,0.895
90,123,0.146
91,123,0.017
92,123,0.0007
76,124,6
77,124,21
78,124,158400
79,124,60
80,124,STABLE
81,124,STABLE
82,124,STABLE
83,124,985228272
84,124,91453924.8
85,124,19512
86,124,8712
87,124,186
88,124,13
89,124,0.738
90,124,0.1
91,124,0.014
92,124,0.0045000000000000005
77,125,11
78,125,22
79,125,38.4
80,125,306
81,125,252.12
82,125,STABLE
83,125,11613196800000
84,125,3913142400
85,125,29160
86,125,52920
87,125,1218
88,125,163.8
89,125,8.2
90,125,1.4
91,125,0.11800000000000001
92,125,0.016
78,126,10.7
79,126,32
80,126,499.20000000000005
81,126,286.2
82,126,STABLE
83,126,6.3430776e+26
84,126,11955859.2
85,126,25977.600000000002
86,126,1434
87,126,34.17
88,126,2.438
89,126,0.17
90,126,0.026000000000000002
91,126,0.0037
92,126,0.00063
93,126,0.00015
79,127,47
80,127,174
81,127,183.18
82,127,11646
83,127,433036.8
84,127,0.516
85,127,0.314
86,127,0.019379999999999998
87,127,0.0055
88,127,0.00168
89,127,0.00035999999999999997
90,127,0.000254
91,127,0.00010899999999999999
92,127,0.000059999999999999995
93,127,0.000024999999999999998
80,128,135
81,128,129.72
82,128,700578720
83,128,128.4
84,128,2.9500000000000003e-7
85,128,1.24e-7
86,128,2.5900000000000003e-7
87,128,8.9e-8
88,128,1.72e-7
89,128,6.900000000000001e-8
90,128,1.21e-7
91,128,5.5e-8
95,128,0.005200000000000001
80,129,6.3
81,129,78
82,129,2169.9
83,129,3633.06
84,129,0.0000037059999999999998
85,129,5.58e-7
86,129,0.0000022999999999999996
87,129,7e-7
88,129,0.00000159
89,129,0.00000102
90,129,0.00000102
91,129,8.9e-7
92,129,6.6e-7
93,129,3.8e-7
80,130,63.7
81,130,79.6
82,130,38260.8
83,130,2736.42
84,130,0.00016347999999999997
85,130,0.000037
86,130,0.000029
87,130,0.000022
88,130,0.000025909999999999998
89,130,0.000009499999999999999
90,130,0.000010199999999999999
91,130,0.0000059
92,130,0.0000047
93,130,0.0000021499999999999997
80,131,26.4
81,131,30.9
82,131,612
83,131,1182.6000000000001
84,131,0.001781
85,131,0.0003
86,131,0.00059
87,131,0.0011
88,131,0.009000000000000001
89,131,0.0264
90,131,0.00173
91,131,0.0038900000000000002
92,131,0.000062
93,131,0.000037999999999999995
81,132,23.8
82,132,1623.6
83,132,456
84,132,0.14400000000000002
85,132,0.032600000000000004
86,132,0.03375
87,132,0.022
88,132,0.018000000000000002
89,132,0.052000000000000005
90,132,0.00197
91,132,0.0053
92,132,0.000396
93,132,0.0037
81,133,11
82,133,142
83,133,135
84,133,1.53
85,133,1.28
86,133,3.96
87,133,27.4
88,133,16
89,133,4.9
90,133,0.6
91,133,0.85
92,133,0.061
93,133,0.037
81,134,9.7
82,134,99.4
83,134,98.5
84,134,185.82
85,134,56
86,134,55.6
87,134,288.06
88,134,33.6
89,134,127.2
90,134,1.04
91,134,1.7
92,134,0.267
93,134,0.51
94,134,1.1
95,134,0.9
81,135,5.9
82,135,19.9
83,135,33
84,135,619.8
85,135,222.6
86,135,1542
87,135,852
88,135,988001.28
89,135,10008
90,135,523.2
91,135,108
92,135,66
93,135,61.4
94,135,83
95,135,36
82,136,15
83,136,8.7
85,136,138
86,136,330174.14400000003
87,136,1319.3999999999999
88,136,313744.32
89,136,857001.6000000001
90,136,1841.4
91,136,2298
92,136,546
93,136,240
94,136,107
97,136,21
83,137,9.5
84,137,112.2
85,137,54
86,137,1458
87,137,199.8
88,137,1278720
89,137,105732
90,137,1615127.04
91,137,71280
92,137,3468
93,137,277.8
94,137,516
95,137,78.60000000000001
96,137,23
97,137,19
84,138,145.2
85,138,50
86,138,6840
87,138,240
88,138,50492160000
89,138,687087846
90,138,60325508.16
91,138,133920
92,138,1747872
93,138,2928
94,138,1986
95,138,192
96,138,50
85,139,76.2
86,139,279.6
87,139,49
88,139,2532
89,139,22140
90,139,249541722000
91,139,1503359.9999999998
92,139,362880
93,139,882
94,139,1254
95,139,139.2
96,139,300
97,139,22
98,139,0.8
86,140,444
87,140,148.20000000000002
88,140,181456200
89,140,3762
90,140,2379443040000
91,140,1033164266400
92,140,2174318640
93,140,2172
94,140,31680.000000000004
95,140,618
96,140,408
98,140,0.0211
86,141,20.8
87,141,38
88,141,240
89,141,122
90,141,91872
91,141,113184
92,141,5023622786400
93,141,380160.00000000006
94,141,1518
95,141,216
97,141,144
98,141,28
99,141,6.7
100,141,0.00073
86,142,65
87,142,50.2
88,142,5580
89,142,450
90,142,443965565974341600
91,142,2330640
92,142,7747390800000
93,142,34223040
94,142,90191620.8
95,142,4380
96,142,7920.000000000001
98,142,41.2
99,142,4.3
100,142,0.0008
86,143,12
87,143,19.1
88,143,103.9
89,143,119
90,143,1309.8
91,143,24015.600000000002
92,143,22215738959431200
93,143,4891428000000
94,143,3943296
95,143,5844
96,143,9000
97,143,288
98,143,226.79999999999998
99,143,17.8
100,143,0.231
101,143,0.39
87,144,17.6
88,144,252
89,144,143
90,144,2082844.8
91,144,1464
92,144,739394568000000
93,144,67659494400000
94,144,2767601520
95,144,42840
96,144,2626560
97,144,276
98,144,209.4
99,144,22
100,144,0.0031200000000000004
101,144,0.33
87,145,5.5
88,145,30
89,145,44
90,145,432
91,145,546
92,145,583372.7999999999
93,145,181379.52
94,145,760822178400
95,145,183240
96,145,2833919.9999999995
97,145,420
98,145,636
99,145,37
100,145,5.4
101,145,0.9
87,146,0.9
88,146,30
89,146,62
90,146,2250
91,146,522
92,146,140848830203760000
93,146,203541.12
94,146,207087282720
95,146,13651817760
96,146,14072832
97,146,16560
98,146,1164
99,146,67.2
100,146,1.53
101,146,1.2
89,147,72
90,147,287.4
91,147,138
92,147,1407
93,147,3714
94,147,452188850.40000004
95,147,57672
96,147,920850768
97,147,18072
98,147,2700
99,147,450
100,147,31
101,147,7
102,147,0.0378
90,148,564
91,148,6480
92,148,50760
93,148,834
94,148,11834100000000
95,148,231790572000
96,148,571571251.1999999
97,148,428544
98,148,128520.00000000001
99,148,273
100,148,34.5
101,148,25.6
102,148,0.000004599999999999999
103,148,0.024399999999999998
93,149,132
94,149,17838
95,149,36072
96,149,260192412000
97,149,155520
98,149,11196
99,149,1440
100,149,96
101,149,53.4
102,149,0.8
103,149,0.35
104,149,0.0103
92,150,1008
93,150,111
94,150,2565632880000000
95,150,7369.200000000001
96,150,150119503200
97,150,43549488000
98,150,28814400
99,150,6132
100,150,1854
101,150,256.2
102,150,2.45
103,150,0.65
104,150,0.0000228
105,150,0.054
93,151,137.4
94,151,37944
95,151,2340
96,151,492298560000000
97,151,284018400
98,151,11067250320
99,151,30600
100,151,19080
101,151,138
102,151,96.60000000000001
103,151,11.9
104,151,1.67
105,151,1.9
94,152,936576
95,152,1380
96,152,10996908429600
97,152,28270080
98,152,412773408
99,152,118800
100,152,91368
101,152,387
102,152,51.2
103,152,31.1
104,152,0.0067599999999999995
105,152,2.3
106,152,0.0027
94,153,196128
96,153,3849.0000000000005
97,153,11563.2
98,153,28338724800
99,153,40754880
100,153,259200
101,153,600
102,153,211.2
103,153,27.9
104,153,4.5
105,153,2.08
106,153,0.4
107,153,0.035
96,154,261928080000
97,154,3360
98,154,83532967.19999999
99,154,1768262.4000000001
100,154,11664
101,154,1620
102,154,2.93
103,154,5.9
104,154,0.009810000000000001
105,154,0.51
106,154,0.00483
107,154,0.0117
96,155,1008
97,155,108
98,155,1536192
99,155,23820480
100,155,72252
101,155,4662
102,155,24.5
103,155,3.86
104,155,2.5
105,155,1.51
106,155,0.183
107,155,0.088
108,155,0.00074
97,156,600
98,156,5227200
99,156,3438719.9999999995
100,156,9426
101,156,19872
102,156,0.00123
103,156,6.22
104,156,0.0217
105,156,4.1
106,156,0.0114
108,156,0.00063
98,157,5100
99,157,1524
100,157,8683200
101,157,4451328
102,157,3480
103,157,180
104,157,70
105,157,34.4
106,157,0.9
107,157,0.99
108,157,0.0019
109,157,0.0021000000000000003
110,157,0.000003
98,158,738
99,158,665280
100,158,0.00037
101,158,5796
102,158,0.107
103,158,2520
104,158,0.047
105,158,27
106,158,0.06
107,158,0.94
108,158,0.0029700000000000004
100,159,1.5
101,159,2747520
103,159,14400
104,159,817.8000000000001
106,159,16
107,159,10
108,159,0.053
109,159,0.021
110,159,0.00017999999999999998
102,160,0.005
106,160,0.34
107,160,16
108,160,0.4
110,160,0.00019
103,161,17640
104,161,60
105,161,1440
106,161,84
108,161,13
109,161,0.48
110,161,0.0016
111,161,0.0038
105,162,4740
108,162,7.6
103,163,39600
104,163,4680
105,163,95040
106,163,127.8
107,163,60
110,163,0.00018999999999999998
111,163,0.012
107,164,1.5
105,165,54000
106,165,96
107,165,9.4
108,165,0.51
109,165,0.44
112,165,0.00061
113,165,1.4
109,166,0.02
107,167,44
108,167,0.2
109,167,0.62
110,167,0.0035
111,167,0.004200000000000001
109,168,0.0039
111,168,0.09
108,169,0.003
109,169,4.5
110,169,0.216
111,169,3.87
112,169,0.18
113,169,0.073
110,170,0.00035999999999999997
111,170,11
112,170,0.00098
113,170,0.07
114,170,0.0025
107,171,1140
110,171,12
111,171,100
112,171,4.6
113,171,0.82
114,171,0.1
110,172,66
112,172,0.121
113,172,2.1
114,172,0.121
115,172,0.037
112,173,33
113,173,9.5
114,173,0.4
115,173,0.199
112,174,660
114,174,0.64
115,174,0.277
116,174,0.0083
114,175,2.4
115,175,0.65
116,175,0.019
114,176,19
116,176,0.0128
117,176,0.021
118,176,0.00058
113,177,2
116,177,0.095
117,177,0.051000000000000004
